징수년,징수시도,징수시군구,징수분류,징수금액
2014,강원도,춘천시,취득세,66199922
2014,강원도,원주시,취득세,101985605
2014,강원도,강릉시,취득세,45786650
2014,강원도,동해시,취득세,18988361
2014,강원도,태백시,취득세,9402039
2014,강원도,속초시,취득세,15153285
2014,강원도,삼척시,취득세,20177527
2014,강원도,홍천군,취득세,27595233
2014,강원도,횡성군,취득세,13339628
2014,강원도,영월군,취득세,8784549
2014,강원도,평창군,취득세,21488844
2014,강원도,정선군,취득세,6843461
2014,강원도,철원군,취득세,7962253
2014,강원도,화천군,취득세,3892965
2014,강원도,양구군,취득세,3096279
2014,강원도,인제군,취득세,5414149
2014,강원도,고성군,취득세,7292750
2014,강원도,양양군,취득세,6969651
2014,강원도,춘천시,주민세,2970984
2014,강원도,원주시,주민세,4952106
2014,강원도,강릉시,주민세,2653570
2014,강원도,동해시,주민세,1666064
2014,강원도,태백시,주민세,584768
2014,강원도,속초시,주민세,799513
2014,강원도,삼척시,주민세,1763243
2014,강원도,홍천군,주민세,36683852
2014,강원도,횡성군,주민세,20300646
2014,강원도,영월군,주민세,13212983
2014,강원도,평창군,주민세,25912226
2014,강원도,정선군,주민세,33000366
2014,강원도,철원군,주민세,15354082
2014,강원도,화천군,주민세,8518703
2014,강원도,양구군,주민세,6886574
2014,강원도,인제군,주민세,11754070
2014,강원도,고성군,주민세,11489103
2014,강원도,양양군,주민세,12073063
2014,강원도,춘천시,지방소득세,22812892
2014,강원도,원주시,지방소득세,30055437
2014,강원도,강릉시,지방소득세,19668664
2014,강원도,동해시,지방소득세,7338600
2014,강원도,태백시,지방소득세,3136944
2014,강원도,속초시,지방소득세,4999339
2014,강원도,삼척시,지방소득세,6076235
2014,강원도,홍천군,지방소득세,1063914
2014,강원도,횡성군,지방소득세,709048
2014,강원도,영월군,지방소득세,578145
2014,강원도,평창군,지방소득세,820791
2014,강원도,정선군,지방소득세,1727576
2014,강원도,철원군,지방소득세,279599
2014,강원도,화천군,지방소득세,107761
2014,강원도,양구군,지방소득세,100144
2014,강원도,인제군,지방소득세,249321
2014,강원도,고성군,지방소득세,366664
2014,강원도,양양군,지방소득세,339266
2015,강원도,춘천시,취득세,71222644
2015,강원도,원주시,취득세,130105346
2015,강원도,강릉시,취득세,55077703
2015,강원도,동해시,취득세,19926134
2015,강원도,태백시,취득세,6435717
2015,강원도,속초시,취득세,18946854
2015,강원도,삼척시,취득세,21941964
2015,강원도,홍천군,취득세,26351385
2015,강원도,횡성군,취득세,15147262
2015,강원도,영월군,취득세,9225443
2015,강원도,평창군,취득세,20840417
2015,강원도,정선군,취득세,7445015
2015,강원도,철원군,취득세,9590257
2015,강원도,화천군,취득세,4593601
2015,강원도,양구군,취득세,4307739
2015,강원도,인제군,취득세,5901663
2015,강원도,고성군,취득세,7458476
2015,강원도,양양군,취득세,8228750
2015,강원도,춘천시,주민세,3595847
2015,강원도,원주시,주민세,5864533
2015,강원도,강릉시,주민세,3009499
2015,강원도,동해시,주민세,2190715
2015,강원도,태백시,주민세,710102
2015,강원도,속초시,주민세,992120
2015,강원도,삼척시,주민세,2417912
2015,강원도,홍천군,주민세,38551969
2015,강원도,횡성군,주민세,22019923
2015,강원도,영월군,주민세,14258947
2015,강원도,평창군,주민세,26813088
2015,강원도,정선군,주민세,34643918
2015,강원도,철원군,주민세,16059075
2015,강원도,화천군,주민세,9447762
2015,강원도,양구군,주민세,7393353
2015,강원도,인제군,주민세,12532497
2015,강원도,고성군,주민세,13280483
2015,강원도,양양군,주민세,13288555
2015,강원도,춘천시,지방소득세,37315049
2015,강원도,원주시,지방소득세,39630722
2015,강원도,강릉시,지방소득세,24790647
2015,강원도,동해시,지방소득세,9363133
2015,강원도,태백시,지방소득세,4537746
2015,강원도,속초시,지방소득세,6372966
2015,강원도,삼척시,지방소득세,9419786
2015,강원도,홍천군,지방소득세,1202724
2015,강원도,횡성군,지방소득세,930296
2015,강원도,영월군,지방소득세,663598
2015,강원도,평창군,지방소득세,1137825
2015,강원도,정선군,지방소득세,1827812
2015,강원도,철원군,지방소득세,303752
2015,강원도,화천군,지방소득세,129040
2015,강원도,양구군,지방소득세,129281
2015,강원도,인제군,지방소득세,280635
2015,강원도,고성군,지방소득세,380085
2015,강원도,양양군,지방소득세,367698
2016,강원도,춘천시,취득세,95662326
2016,강원도,원주시,취득세,139314031
2016,강원도,강릉시,취득세,62941823
2016,강원도,동해시,취득세,24748049
2016,강원도,태백시,취득세,9276734
2016,강원도,속초시,취득세,32939272
2016,강원도,삼척시,취득세,29712685
2016,강원도,홍천군,취득세,28875286
2016,강원도,횡성군,취득세,17066495
2016,강원도,영월군,취득세,10095881
2016,강원도,평창군,취득세,32524581
2016,강원도,정선군,취득세,9435148
2016,강원도,철원군,취득세,10092336
2016,강원도,화천군,취득세,4691528
2016,강원도,양구군,취득세,4302142
2016,강원도,인제군,취득세,5926208
2016,강원도,고성군,취득세,7660201
2016,강원도,양양군,취득세,10686002
2016,강원도,춘천시,주민세,4753584
2016,강원도,원주시,주민세,8446951
2016,강원도,강릉시,주민세,3968850
2016,강원도,동해시,주민세,2357528
2016,강원도,태백시,주민세,742069
2016,강원도,속초시,주민세,1359299
2016,강원도,삼척시,주민세,2470862
2016,강원도,홍천군,주민세,41027218
2016,강원도,횡성군,주민세,30633737
2016,강원도,영월군,주민세,16460905
2016,강원도,평창군,주민세,30497612
2016,강원도,정선군,주민세,43106037
2016,강원도,철원군,주민세,18681566
2016,강원도,화천군,주민세,11279924
2016,강원도,양구군,주민세,8581316
2016,강원도,인제군,주민세,14842933
2016,강원도,고성군,주민세,13764341
2016,강원도,양양군,주민세,15157265
2016,강원도,춘천시,지방소득세,37885836
2016,강원도,원주시,지방소득세,47108512
2016,강원도,강릉시,지방소득세,35164425
2016,강원도,동해시,지방소득세,11306878
2016,강원도,태백시,지방소득세,5593839
2016,강원도,속초시,지방소득세,9306745
2016,강원도,삼척시,지방소득세,11227174
2016,강원도,홍천군,지방소득세,1515460
2016,강원도,횡성군,지방소득세,1151129
2016,강원도,영월군,지방소득세,819535
2016,강원도,평창군,지방소득세,1167847
2016,강원도,정선군,지방소득세,1986211
2016,강원도,철원군,지방소득세,450691
2016,강원도,화천군,지방소득세,201686
2016,강원도,양구군,지방소득세,194067
2016,강원도,인제군,지방소득세,412561
2016,강원도,고성군,지방소득세,433719
2016,강원도,양양군,지방소득세,464883
2014,경기도,수원시,취득세,354033343
2014,경기도,성남시,취득세,418634940
2014,경기도,의정부시,취득세,76765126
2014,경기도,안양시,취득세,136566880
2014,경기도,부천시,취득세,168402245
2014,경기도,광명시,취득세,77259205
2014,경기도,평택시,취득세,194289240
2014,경기도,동두천시,취득세,18743805
2014,경기도,안산시,취득세,172442777
2014,경기도,고양시,취득세,299927917
2014,경기도,과천시,취득세,20715506
2014,경기도,구리시,취득세,36399360
2014,경기도,남양주시,취득세,181143185
2014,경기도,오산시,취득세,57887109
2014,경기도,시흥시,취득세,126125676
2014,경기도,군포시,취득세,69385680
2014,경기도,의왕시,취득세,46082607
2014,경기도,하남시,취득세,105263473
2014,경기도,용인시,취득세,373718356
2014,경기도,파주시,취득세,178102807
2014,경기도,이천시,취득세,88165489
2014,경기도,안성시,취득세,65830501
2014,경기도,김포시,취득세,191729648
2014,경기도,화성시,취득세,352033598
2014,경기도,광주시,취득세,112493433
2014,경기도,양주시,취득세,62474289
2014,경기도,포천시,취득세,59329784
2014,경기도,여주군,취득세,46241935
2014,경기도,연천군,취득세,14270701
2014,경기도,가평군,취득세,32189402
2014,경기도,양평군,취득세,48632490
2014,경기도,수원시,주민세,38917164
2014,경기도,성남시,주민세,35752678
2014,경기도,의정부시,주민세,3544877
2014,경기도,안양시,주민세,11173208
2014,경기도,부천시,주민세,10217428
2014,경기도,광명시,주민세,5608711
2014,경기도,평택시,주민세,20248751
2014,경기도,동두천시,주민세,1362684
2014,경기도,안산시,주민세,21944612
2014,경기도,고양시,주민세,10082965
2014,경기도,과천시,주민세,2472503
2014,경기도,구리시,주민세,1723697
2014,경기도,남양주시,주민세,3892778
2014,경기도,오산시,주민세,3241694
2014,경기도,시흥시,주민세,9126106
2014,경기도,군포시,주민세,4706566
2014,경기도,의왕시,주민세,3539956
2014,경기도,하남시,주민세,1730573
2014,경기도,용인시,주민세,27705171
2014,경기도,파주시,주민세,13866487
2014,경기도,이천시,주민세,11757738
2014,경기도,안성시,주민세,6468626
2014,경기도,김포시,주민세,5153667
2014,경기도,화성시,주민세,44363230
2014,경기도,광주시,주민세,4438090
2014,경기도,양주시,주민세,3097142
2014,경기도,포천시,주민세,3024437
2014,경기도,여주군,주민세,2066868
2014,경기도,연천군,주민세,350554
2014,경기도,가평군,주민세,770354
2014,경기도,양평군,주민세,773765
2014,경기도,수원시,지방소득세,298310737
2014,경기도,성남시,지방소득세,281469217
2014,경기도,의정부시,지방소득세,24688737
2014,경기도,안양시,지방소득세,83688723
2014,경기도,부천시,지방소득세,78085899
2014,경기도,광명시,지방소득세,31693868
2014,경기도,평택시,지방소득세,89862894
2014,경기도,동두천시,지방소득세,4962356
2014,경기도,안산시,지방소득세,106969331
2014,경기도,고양시,지방소득세,93744461
2014,경기도,과천시,지방소득세,19466531
2014,경기도,구리시,지방소득세,16042808
2014,경기도,남양주시,지방소득세,41208602
2014,경기도,오산시,지방소득세,18340198
2014,경기도,시흥시,지방소득세,61860011
2014,경기도,군포시,지방소득세,33310327
2014,경기도,의왕시,지방소득세,24879648
2014,경기도,하남시,지방소득세,24556631
2014,경기도,용인시,지방소득세,259942684
2014,경기도,파주시,지방소득세,49864106
2014,경기도,이천시,지방소득세,61984354
2014,경기도,안성시,지방소득세,33580302
2014,경기도,김포시,지방소득세,42031315
2014,경기도,화성시,지방소득세,275519408
2014,경기도,광주시,지방소득세,38851341
2014,경기도,양주시,지방소득세,18280548
2014,경기도,포천시,지방소득세,18306261
2014,경기도,여주군,지방소득세,12715454
2014,경기도,연천군,지방소득세,3032194
2014,경기도,가평군,지방소득세,5339174
2014,경기도,양평군,지방소득세,9692749
2015,경기도,수원시,취득세,463753176
2015,경기도,성남시,취득세,447963517
2015,경기도,의정부시,취득세,118005956
2015,경기도,안양시,취득세,185893485
2015,경기도,부천시,취득세,246197251
2015,경기도,광명시,취득세,99719410
2015,경기도,평택시,취득세,290968205
2015,경기도,동두천시,취득세,28029686
2015,경기도,안산시,취득세,214791113
2015,경기도,고양시,취득세,408912322
2015,경기도,과천시,취득세,36831778
2015,경기도,구리시,취득세,59861195
2015,경기도,남양주시,취득세,240402753
2015,경기도,오산시,취득세,62894435
2015,경기도,시흥시,취득세,196825420
2015,경기도,군포시,취득세,76183633
2015,경기도,의왕시,취득세,52835978
2015,경기도,하남시,취득세,178882564
2015,경기도,용인시,취득세,509962853
2015,경기도,파주시,취득세,199892338
2015,경기도,이천시,취득세,139026885
2015,경기도,안성시,취득세,78473790
2015,경기도,김포시,취득세,216088823
2015,경기도,화성시,취득세,629548439
2015,경기도,광주시,취득세,161305894
2015,경기도,양주시,취득세,79353825
2015,경기도,포천시,취득세,60088701
2015,경기도,여주군,취득세,56209467
2015,경기도,연천군,취득세,14669317
2015,경기도,가평군,취득세,34154918
2015,경기도,양평군,취득세,55393479
2015,경기도,수원시,주민세,39034959
2015,경기도,성남시,주민세,38030873
2015,경기도,의정부시,주민세,4114627
2015,경기도,안양시,주민세,11415984
2015,경기도,부천시,주민세,11569215
2015,경기도,광명시,주민세,5681814
2015,경기도,평택시,주민세,20961550
2015,경기도,동두천시,주민세,1258634
2015,경기도,안산시,주민세,23048401
2015,경기도,고양시,주민세,11916884
2015,경기도,과천시,주민세,2687833
2015,경기도,구리시,주민세,1903756
2015,경기도,남양주시,주민세,4857433
2015,경기도,오산시,주민세,3618149
2015,경기도,시흥시,주민세,9598936
2015,경기도,군포시,주민세,4867173
2015,경기도,의왕시,주민세,3354784
2015,경기도,하남시,주민세,1868875
2015,경기도,용인시,주민세,28364668
2015,경기도,파주시,주민세,15215454
2015,경기도,이천시,주민세,13609488
2015,경기도,안성시,주민세,6763654
2015,경기도,김포시,주민세,5639167
2015,경기도,화성시,주민세,47229897
2015,경기도,광주시,주민세,4602769
2015,경기도,양주시,주민세,3110480
2015,경기도,포천시,주민세,3509822
2015,경기도,여주군,주민세,2194558
2015,경기도,연천군,주민세,357454
2015,경기도,가평군,주민세,768077
2015,경기도,양평군,주민세,795744
2015,경기도,수원시,지방소득세,396338528
2015,경기도,성남시,지방소득세,349370169
2015,경기도,의정부시,지방소득세,30103172
2015,경기도,안양시,지방소득세,105673348
2015,경기도,부천시,지방소득세,92801000
2015,경기도,광명시,지방소득세,44251461
2015,경기도,평택시,지방소득세,123993083
2015,경기도,동두천시,지방소득세,6467480
2015,경기도,안산시,지방소득세,127577906
2015,경기도,고양시,지방소득세,119346853
2015,경기도,과천시,지방소득세,28341732
2015,경기도,구리시,지방소득세,19284069
2015,경기도,남양주시,지방소득세,52623028
2015,경기도,오산시,지방소득세,23701441
2015,경기도,시흥시,지방소득세,74661750
2015,경기도,군포시,지방소득세,48808586
2015,경기도,의왕시,지방소득세,31807783
2015,경기도,하남시,지방소득세,28887319
2015,경기도,용인시,지방소득세,334013867
2015,경기도,파주시,지방소득세,77929769
2015,경기도,이천시,지방소득세,130813439
2015,경기도,안성시,지방소득세,43128233
2015,경기도,김포시,지방소득세,52303307
2015,경기도,화성시,지방소득세,431864035
2015,경기도,광주시,지방소득세,48807760
2015,경기도,양주시,지방소득세,21079654
2015,경기도,포천시,지방소득세,23261532
2015,경기도,여주군,지방소득세,17291482
2015,경기도,연천군,지방소득세,3809020
2015,경기도,가평군,지방소득세,7742119
2015,경기도,양평군,지방소득세,11629514
2016,경기도,수원시,취득세,390717463
2016,경기도,성남시,취득세,524994616
2016,경기도,의정부시,취득세,131180266
2016,경기도,안양시,취득세,244861090
2016,경기도,부천시,취득세,265697995
2016,경기도,광명시,취득세,94812000
2016,경기도,평택시,취득세,355606761
2016,경기도,동두천시,취득세,22613517
2016,경기도,안산시,취득세,228347045
2016,경기도,고양시,취득세,445556029
2016,경기도,과천시,취득세,43400119
2016,경기도,구리시,취득세,77471018
2016,경기도,남양주시,취득세,243331756
2016,경기도,오산시,취득세,70549030
2016,경기도,시흥시,취득세,260680438
2016,경기도,군포시,취득세,75819513
2016,경기도,의왕시,취득세,94798345
2016,경기도,하남시,취득세,330150030
2016,경기도,용인시,취득세,437263699
2016,경기도,파주시,취득세,186063591
2016,경기도,이천시,취득세,130394314
2016,경기도,안성시,취득세,99114149
2016,경기도,김포시,취득세,249715808
2016,경기도,화성시,취득세,555986614
2016,경기도,광주시,취득세,178169334
2016,경기도,양주시,취득세,88902225
2016,경기도,포천시,취득세,73870427
2016,경기도,여주군,취득세,58142487
2016,경기도,연천군,취득세,16501616
2016,경기도,가평군,취득세,41474783
2016,경기도,양평군,취득세,64602344
2016,경기도,수원시,주민세,42926801
2016,경기도,성남시,주민세,43862670
2016,경기도,의정부시,주민세,4812564
2016,경기도,안양시,주민세,14643776
2016,경기도,부천시,주민세,14645827
2016,경기도,광명시,주민세,7071455
2016,경기도,평택시,주민세,24060967
2016,경기도,동두천시,주민세,1437428
2016,경기도,안산시,주민세,26904746
2016,경기도,고양시,주민세,13919466
2016,경기도,과천시,주민세,3738131
2016,경기도,구리시,주민세,2706083
2016,경기도,남양주시,주민세,6372531
2016,경기도,오산시,주민세,4262183
2016,경기도,시흥시,주민세,11606612
2016,경기도,군포시,주민세,6243543
2016,경기도,의왕시,주민세,4795035
2016,경기도,하남시,주민세,2453587
2016,경기도,용인시,주민세,33073351
2016,경기도,파주시,주민세,17621577
2016,경기도,이천시,주민세,14656936
2016,경기도,안성시,주민세,7629252
2016,경기도,김포시,주민세,7593915
2016,경기도,화성시,주민세,56628647
2016,경기도,광주시,주민세,5838451
2016,경기도,양주시,주민세,3724398
2016,경기도,포천시,주민세,4465710
2016,경기도,여주군,주민세,2714141
2016,경기도,연천군,주민세,566131
2016,경기도,가평군,주민세,1035610
2016,경기도,양평군,주민세,1156707
2016,경기도,수원시,지방소득세,319515298
2016,경기도,성남시,지방소득세,387615665
2016,경기도,의정부시,지방소득세,34792056
2016,경기도,안양시,지방소득세,106524553
2016,경기도,부천시,지방소득세,101241785
2016,경기도,광명시,지방소득세,51684855
2016,경기도,평택시,지방소득세,145456451
2016,경기도,동두천시,지방소득세,6967580
2016,경기도,안산시,지방소득세,143809907
2016,경기도,고양시,지방소득세,136446929
2016,경기도,과천시,지방소득세,31085134
2016,경기도,구리시,지방소득세,21177473
2016,경기도,남양주시,지방소득세,62901400
2016,경기도,오산시,지방소득세,29916285
2016,경기도,시흥시,지방소득세,87676791
2016,경기도,군포시,지방소득세,43091680
2016,경기도,의왕시,지방소득세,43321533
2016,경기도,하남시,지방소득세,32180712
2016,경기도,용인시,지방소득세,315165668
2016,경기도,파주시,지방소득세,90905661
2016,경기도,이천시,지방소득세,151561659
2016,경기도,안성시,지방소득세,49293301
2016,경기도,김포시,지방소득세,59686204
2016,경기도,화성시,지방소득세,407865583
2016,경기도,광주시,지방소득세,56200399
2016,경기도,양주시,지방소득세,26571206
2016,경기도,포천시,지방소득세,26567001
2016,경기도,여주군,지방소득세,18328701
2016,경기도,연천군,지방소득세,3705517
2016,경기도,가평군,지방소득세,11544598
2016,경기도,양평군,지방소득세,15618276
2014,경남,고성군,취득세,15242523
2014,경남,창원시,취득세,393692567
2014,경남,진주시,취득세,114579436
2014,경남,통영시,취득세,33108259
2014,경남,사천시,취득세,26838215
2014,경남,김해시,취득세,217887099
2014,경남,밀양시,취득세,34909723
2014,경남,거제시,취득세,107723741
2014,경남,양산시,취득세,143365305
2014,경남,의령군,취득세,5775962
2014,경남,함안군,취득세,38775051
2014,경남,창녕군,취득세,20814007
2014,경남,남해군,취득세,11546624
2014,경남,하동군,취득세,10802711
2014,경남,산청군,취득세,9806039
2014,경남,함양군,취득세,6600257
2014,경남,거창군,취득세,13260030
2014,경남,합천군,취득세,8269945
2014,경남,고성군,주민세,1435118
2014,경남,창원시,주민세,38414940
2014,경남,진주시,주민세,4112021
2014,경남,통영시,주민세,2117679
2014,경남,사천시,주민세,4168980
2014,경남,김해시,주민세,11697434
2014,경남,밀양시,주민세,1597834
2014,경남,거제시,주민세,21265568
2014,경남,양산시,주민세,8703444
2014,경남,의령군,주민세,368921
2014,경남,함안군,주민세,2875172
2014,경남,창녕군,주민세,1657429
2014,경남,남해군,주민세,384330
2014,경남,하동군,주민세,925425
2014,경남,산청군,주민세,328777
2014,경남,함양군,주민세,438640
2014,경남,거창군,주민세,646670
2014,경남,합천군,주민세,361620
2014,경남,고성군,지방소득세,5390440
2014,경남,창원시,지방소득세,213188135
2014,경남,진주시,지방소득세,30690837
2014,경남,통영시,지방소득세,10053641
2014,경남,사천시,지방소득세,15498505
2014,경남,김해시,지방소득세,70273098
2014,경남,밀양시,지방소득세,8323069
2014,경남,거제시,지방소득세,98525268
2014,경남,양산시,지방소득세,46943109
2014,경남,의령군,지방소득세,2058015
2014,경남,함안군,지방소득세,13162127
2014,경남,창녕군,지방소득세,6606783
2014,경남,남해군,지방소득세,2364238
2014,경남,하동군,지방소득세,2816614
2014,경남,산청군,지방소득세,2377402
2014,경남,함양군,지방소득세,2029826
2014,경남,거창군,지방소득세,3131467
2014,경남,합천군,지방소득세,2391087
2015,경남,고성군,취득세,17643339
2015,경남,창원시,취득세,490807310
2015,경남,진주시,취득세,124149539
2015,경남,통영시,취득세,40493343
2015,경남,사천시,취득세,42961326
2015,경남,김해시,취득세,237177250
2015,경남,밀양시,취득세,47195963
2015,경남,거제시,취득세,124881469
2015,경남,양산시,취득세,170449295
2015,경남,의령군,취득세,7823033
2015,경남,함안군,취득세,34090222
2015,경남,창녕군,취득세,25588622
2015,경남,남해군,취득세,11425533
2015,경남,하동군,취득세,12533515
2015,경남,산청군,취득세,10357237
2015,경남,함양군,취득세,8712023
2015,경남,거창군,취득세,13638526
2015,경남,합천군,취득세,9201129
2015,경남,고성군,주민세,1527348
2015,경남,창원시,주민세,40838481
2015,경남,진주시,주민세,6049823
2015,경남,통영시,주민세,2314643
2015,경남,사천시,주민세,4460799
2015,경남,김해시,주민세,12237399
2015,경남,밀양시,주민세,1736436
2015,경남,거제시,주민세,23127438
2015,경남,양산시,주민세,9966099
2015,경남,의령군,주민세,387740
2015,경남,함안군,주민세,3073665
2015,경남,창녕군,주민세,1612681
2015,경남,남해군,주민세,405356
2015,경남,하동군,주민세,945821
2015,경남,산청군,주민세,449757
2015,경남,함양군,주민세,492786
2015,경남,거창군,주민세,794461
2015,경남,합천군,주민세,432997
2015,경남,고성군,지방소득세,6906089
2015,경남,창원시,지방소득세,227135297
2015,경남,진주시,지방소득세,38744187
2015,경남,통영시,지방소득세,11741975
2015,경남,사천시,지방소득세,21451925
2015,경남,김해시,지방소득세,90227357
2015,경남,밀양시,지방소득세,11036119
2015,경남,거제시,지방소득세,94493041
2015,경남,양산시,지방소득세,59563437
2015,경남,의령군,지방소득세,2374916
2015,경남,함안군,지방소득세,14562326
2015,경남,창녕군,지방소득세,9731790
2015,경남,남해군,지방소득세,2501915
2015,경남,하동군,지방소득세,4031702
2015,경남,산청군,지방소득세,3380353
2015,경남,함양군,지방소득세,2343475
2015,경남,거창군,지방소득세,3944252
2015,경남,합천군,지방소득세,2745558
2016,경남,고성군,취득세,22507960
2016,경남,창원시,취득세,398162270
2016,경남,진주시,취득세,123165960
2016,경남,통영시,취득세,44222223
2016,경남,사천시,취득세,40945818
2016,경남,김해시,취득세,251014080
2016,경남,밀양시,취득세,44242706
2016,경남,거제시,취득세,91121775
2016,경남,양산시,취득세,180143199
2016,경남,의령군,취득세,7644741
2016,경남,함안군,취득세,36121576
2016,경남,창녕군,취득세,26806380
2016,경남,남해군,취득세,11849420
2016,경남,하동군,취득세,11664720
2016,경남,산청군,취득세,10783400
2016,경남,함양군,취득세,8819305
2016,경남,거창군,취득세,16800893
2016,경남,합천군,취득세,9224513
2016,경남,고성군,주민세,1670276
2016,경남,창원시,주민세,43965316
2016,경남,진주시,주민세,7251753
2016,경남,통영시,주민세,2582213
2016,경남,사천시,주민세,5244117
2016,경남,김해시,주민세,14273823
2016,경남,밀양시,주민세,2124705
2016,경남,거제시,주민세,21696106
2016,경남,양산시,주민세,11604518
2016,경남,의령군,주민세,535677
2016,경남,함안군,주민세,3573592
2016,경남,창녕군,주민세,1871466
2016,경남,남해군,주민세,474508
2016,경남,하동군,주민세,1047740
2016,경남,산청군,주민세,488605
2016,경남,함양군,주민세,519044
2016,경남,거창군,주민세,929702
2016,경남,합천군,주민세,534655
2016,경남,고성군,지방소득세,9147256
2016,경남,창원시,지방소득세,244841260
2016,경남,진주시,지방소득세,61373438
2016,경남,통영시,지방소득세,14324201
2016,경남,사천시,지방소득세,27313694
2016,경남,김해시,지방소득세,99028235
2016,경남,밀양시,지방소득세,13427158
2016,경남,거제시,지방소득세,57778202
2016,경남,양산시,지방소득세,71907229
2016,경남,의령군,지방소득세,4243541
2016,경남,함안군,지방소득세,17431383
2016,경남,창녕군,지방소득세,13980490
2016,경남,남해군,지방소득세,3091132
2016,경남,하동군,지방소득세,6292462
2016,경남,산청군,지방소득세,4675503
2016,경남,함양군,지방소득세,2871466
2016,경남,거창군,지방소득세,4920042
2016,경남,합천군,지방소득세,3515279
2014,경북,포항시,취득세,149992073
2014,경북,경주시,취득세,94348556
2014,경북,김천시,취득세,45839142
2014,경북,안동시,취득세,39247238
2014,경북,구미시,취득세,127349168
2014,경북,영주시,취득세,19137057
2014,경북,영천시,취득세,42936765
2014,경북,상주시,취득세,17950052
2014,경북,문경시,취득세,14674861
2014,경북,경산시,취득세,81426049
2014,경북,군위군,취득세,6039493
2014,경북,의성군,취득세,7706175
2014,경북,청송군,취득세,3741104
2014,경북,영양군,취득세,1990149
2014,경북,영덕군,취득세,10222928
2014,경북,청도군,취득세,13674567
2014,경북,고령군,취득세,11803334
2014,경북,성주군,취득세,16479660
2014,경북,칠곡군,취득세,52322519
2014,경북,예천군,취득세,11161701
2014,경북,봉화군,취득세,4984370
2014,경북,울진군,취득세,11980436
2014,경북,울릉군,취득세,1613793
2014,경북,포항시,주민세,18687942
2014,경북,경주시,주민세,9315587
2014,경북,김천시,주민세,2816186
2014,경북,안동시,주민세,1882402
2014,경북,구미시,주민세,26171193
2014,경북,영주시,주민세,1547336
2014,경북,영천시,주민세,2448255
2014,경북,상주시,주민세,843387
2014,경북,문경시,주민세,852491
2014,경북,경산시,주민세,5976572
2014,경북,군위군,주민세,298705
2014,경북,의성군,주민세,367519
2014,경북,청송군,주민세,150830
2014,경북,영양군,주민세,66022
2014,경북,영덕군,주민세,277868
2014,경북,청도군,주민세,342267
2014,경북,고령군,주민세,792186
2014,경북,성주군,주민세,775338
2014,경북,칠곡군,주민세,2919498
2014,경북,예천군,주민세,307299
2014,경북,봉화군,주민세,319496
2014,경북,울진군,주민세,1868961
2014,경북,울릉군,주민세,56480
2014,경북,포항시,지방소득세,87201473
2014,경북,경주시,지방소득세,46854360
2014,경북,김천시,지방소득세,17308429
2014,경북,안동시,지방소득세,13058891
2014,경북,구미시,지방소득세,184221955
2014,경북,영주시,지방소득세,10792983
2014,경북,영천시,지방소득세,11795365
2014,경북,상주시,지방소득세,5190705
2014,경북,문경시,지방소득세,4155267
2014,경북,경산시,지방소득세,29634668
2014,경북,군위군,지방소득세,1933582
2014,경북,의성군,지방소득세,2730012
2014,경북,청송군,지방소득세,1397057
2014,경북,영양군,지방소득세,1159739
2014,경북,영덕군,지방소득세,2009330
2014,경북,청도군,지방소득세,2685646
2014,경북,고령군,지방소득세,4845225
2014,경북,성주군,지방소득세,4025730
2014,경북,칠곡군,지방소득세,13068138
2014,경북,예천군,지방소득세,2219073
2014,경북,봉화군,지방소득세,2479190
2014,경북,울진군,지방소득세,5763366
2014,경북,울릉군,지방소득세,601903
2015,경북,포항시,취득세,186102541
2015,경북,경주시,취득세,125187591
2015,경북,김천시,취득세,61497888
2015,경북,안동시,취득세,47887136
2015,경북,구미시,취득세,141470440
2015,경북,영주시,취득세,22134374
2015,경북,영천시,취득세,43168793
2015,경북,상주시,취득세,21484051
2015,경북,문경시,취득세,16138798
2015,경북,경산시,취득세,101864386
2015,경북,군위군,취득세,8363000
2015,경북,의성군,취득세,10616131
2015,경북,청송군,취득세,5584514
2015,경북,영양군,취득세,2694656
2015,경북,영덕군,취득세,11409312
2015,경북,청도군,취득세,18905917
2015,경북,고령군,취득세,14833112
2015,경북,성주군,취득세,21494538
2015,경북,칠곡군,취득세,63902344
2015,경북,예천군,취득세,20757258
2015,경북,봉화군,취득세,6177751
2015,경북,울진군,취득세,12360031
2015,경북,울릉군,취득세,1716945
2015,경북,포항시,주민세,18687475
2015,경북,경주시,주민세,9768553
2015,경북,김천시,주민세,3825534
2015,경북,안동시,주민세,2085213
2015,경북,구미시,주민세,25696174
2015,경북,영주시,주민세,1737406
2015,경북,영천시,주민세,2919350
2015,경북,상주시,주민세,1153642
2015,경북,문경시,주민세,1080009
2015,경북,경산시,주민세,6234193
2015,경북,군위군,주민세,440292
2015,경북,의성군,주민세,588475
2015,경북,청송군,주민세,271094
2015,경북,영양군,주민세,123890
2015,경북,영덕군,주민세,273217
2015,경북,청도군,주민세,514615
2015,경북,고령군,주민세,915114
2015,경북,성주군,주민세,991563
2015,경북,칠곡군,주민세,3367375
2015,경북,예천군,주민세,457339
2015,경북,봉화군,주민세,438436
2015,경북,울진군,주민세,2003198
2015,경북,울릉군,주민세,79216
2015,경북,포항시,지방소득세,128599589
2015,경북,경주시,지방소득세,63047703
2015,경북,김천시,지방소득세,24326448
2015,경북,안동시,지방소득세,14791063
2015,경북,구미시,지방소득세,246327305
2015,경북,영주시,지방소득세,11933905
2015,경북,영천시,지방소득세,13618248
2015,경북,상주시,지방소득세,6610297
2015,경북,문경시,지방소득세,5154502
2015,경북,경산시,지방소득세,40505593
2015,경북,군위군,지방소득세,2285178
2015,경북,의성군,지방소득세,3332566
2015,경북,청송군,지방소득세,2304639
2015,경북,영양군,지방소득세,1058644
2015,경북,영덕군,지방소득세,2344456
2015,경북,청도군,지방소득세,3712546
2015,경북,고령군,지방소득세,5797704
2015,경북,성주군,지방소득세,5207250
2015,경북,칠곡군,지방소득세,18093990
2015,경북,예천군,지방소득세,3797343
2015,경북,봉화군,지방소득세,2569432
2015,경북,울진군,지방소득세,18636220
2015,경북,울릉군,지방소득세,756882
2016,경북,포항시,취득세,159087001
2016,경북,경주시,취득세,111071764
2016,경북,김천시,취득세,65080587
2016,경북,안동시,취득세,50988138
2016,경북,구미시,취득세,130249860
2016,경북,영주시,취득세,25202939
2016,경북,영천시,취득세,41370241
2016,경북,상주시,취득세,21568282
2016,경북,문경시,취득세,16205345
2016,경북,경산시,취득세,88777691
2016,경북,군위군,취득세,8231923
2016,경북,의성군,취득세,10725689
2016,경북,청송군,취득세,4660016
2016,경북,영양군,취득세,2907195
2016,경북,영덕군,취득세,14110880
2016,경북,청도군,취득세,17126149
2016,경북,고령군,취득세,13566060
2016,경북,성주군,취득세,18030363
2016,경북,칠곡군,취득세,54320797
2016,경북,예천군,취득세,28649815
2016,경북,봉화군,취득세,5902225
2016,경북,울진군,취득세,12381780
2016,경북,울릉군,취득세,2045893
2016,경북,포항시,주민세,19742354
2016,경북,경주시,주민세,11810791
2016,경북,김천시,주민세,5210689
2016,경북,안동시,주민세,2793354
2016,경북,구미시,주민세,27710375
2016,경북,영주시,주민세,2273674
2016,경북,영천시,주민세,3432677
2016,경북,상주시,주민세,1334548
2016,경북,문경시,주민세,1186697
2016,경북,경산시,주민세,7763254
2016,경북,군위군,주민세,521412
2016,경북,의성군,주민세,637391
2016,경북,청송군,주민세,339061
2016,경북,영양군,주민세,143783
2016,경북,영덕군,주민세,478227
2016,경북,청도군,주민세,591229
2016,경북,고령군,주민세,1063558
2016,경북,성주군,주민세,1224417
2016,경북,칠곡군,주민세,3971926
2016,경북,예천군,주민세,525963
2016,경북,봉화군,주민세,495581
2016,경북,울진군,주민세,2286887
2016,경북,울릉군,주민세,113290
2016,경북,포항시,지방소득세,115682278
2016,경북,경주시,지방소득세,73854014
2016,경북,김천시,지방소득세,30149595
2016,경북,안동시,지방소득세,18931746
2016,경북,구미시,지방소득세,201392149
2016,경북,영주시,지방소득세,15317744
2016,경북,영천시,지방소득세,16570565
2016,경북,상주시,지방소득세,7973471
2016,경북,문경시,지방소득세,5654944
2016,경북,경산시,지방소득세,46968914
2016,경북,군위군,지방소득세,2864735
2016,경북,의성군,지방소득세,3920336
2016,경북,청송군,지방소득세,3072419
2016,경북,영양군,지방소득세,989746
2016,경북,영덕군,지방소득세,3170151
2016,경북,청도군,지방소득세,4868901
2016,경북,고령군,지방소득세,6576098
2016,경북,성주군,지방소득세,6606528
2016,경북,칠곡군,지방소득세,19467458
2016,경북,예천군,지방소득세,4852729
2016,경북,봉화군,지방소득세,3795914
2016,경북,울진군,지방소득세,24468735
2016,경북,울릉군,지방소득세,918630
2014,광주,동구,취득세,21979300
2014,광주,서구,취득세,75302092
2014,광주,남구,취득세,54007977
2014,광주,북구,취득세,102944096
2014,광주,광산구,취득세,107604963
2014,광주,동구,주민세,550657
2014,광주,서구,주민세,1261347
2014,광주,남구,주민세,600383
2014,광주,북구,주민세,1348955
2014,광주,광산구,주민세,1426421
2014,광주,동구,지방소득세,23647278
2014,광주,서구,지방소득세,49410702
2014,광주,남구,지방소득세,18715160
2014,광주,북구,지방소득세,38522304
2014,광주,광산구,지방소득세,61973334
2015,광주,동구,취득세,25775210
2015,광주,서구,취득세,89436418
2015,광주,남구,취득세,57406318
2015,광주,북구,취득세,109947669
2015,광주,광산구,취득세,119084854
2015,광주,동구,주민세,928251
2015,광주,서구,주민세,2107940
2015,광주,남구,주민세,1148769
2015,광주,북구,주민세,2430732
2015,광주,광산구,주민세,2523577
2015,광주,동구,지방소득세,24911844
2015,광주,서구,지방소득세,65627418
2015,광주,남구,지방소득세,23484862
2015,광주,북구,지방소득세,47701233
2015,광주,광산구,지방소득세,85167478
2016,광주,동구,취득세,28495984
2016,광주,서구,취득세,115844772
2016,광주,남구,취득세,53338500
2016,광주,북구,취득세,94036603
2016,광주,광산구,취득세,123366900
2016,광주,동구,주민세,924947
2016,광주,서구,주민세,2395421
2016,광주,남구,주민세,1184389
2016,광주,북구,주민세,2537815
2016,광주,광산구,주민세,2661759
2016,광주,동구,지방소득세,25831190
2016,광주,서구,지방소득세,84024668
2016,광주,남구,지방소득세,24175425
2016,광주,북구,지방소득세,56507599
2016,광주,광산구,지방소득세,73929597
2014,대구,중구,취득세,84718475
2014,대구,동구,취득세,137003889
2014,대구,서구,취득세,38629578
2014,대구,남구,취득세,27764478
2014,대구,북구,취득세,109801211
2014,대구,수성구,취득세,143938604
2014,대구,달서구,취득세,138929152
2014,대구,달성군,취득세,95267748
2014,대구,중구,주민세,723250
2014,대구,동구,주민세,1137968
2014,대구,서구,주민세,838703
2014,대구,남구,주민세,510052
2014,대구,북구,주민세,1852550
2014,대구,수성구,주민세,1352949
2014,대구,달서구,주민세,2024111
2014,대구,달성군,주민세,6704441
2014,대구,중구,지방소득세,29222172
2014,대구,동구,지방소득세,31792114
2014,대구,서구,지방소득세,15329152
2014,대구,남구,지방소득세,10499320
2014,대구,북구,지방소득세,36521351
2014,대구,수성구,지방소득세,74685211
2014,대구,달서구,지방소득세,69179804
2014,대구,달성군,지방소득세,26732939
2015,대구,중구,취득세,89178025
2015,대구,동구,취득세,130029301
2015,대구,서구,취득세,43886911
2015,대구,남구,취득세,37896840
2015,대구,북구,취득세,124314644
2015,대구,수성구,취득세,192186303
2015,대구,달서구,취득세,175595723
2015,대구,달성군,취득세,99073885
2015,대구,중구,주민세,885212
2015,대구,동구,주민세,1753111
2015,대구,서구,주민세,1183642
2015,대구,남구,주민세,788509
2015,대구,북구,주민세,2631563
2015,대구,수성구,주민세,2094778
2015,대구,달서구,주민세,3049286
2015,대구,달성군,주민세,7382212
2015,대구,중구,지방소득세,39991835
2015,대구,동구,지방소득세,35395680
2015,대구,서구,지방소득세,18115752
2015,대구,남구,지방소득세,13702613
2015,대구,북구,지방소득세,46034907
2015,대구,수성구,지방소득세,93717376
2015,대구,달서구,지방소득세,84339447
2015,대구,달성군,지방소득세,38094963
2016,대구,중구,취득세,73681508
2016,대구,동구,취득세,115493482
2016,대구,서구,취득세,40094593
2016,대구,남구,취득세,30353859
2016,대구,북구,취득세,113692205
2016,대구,수성구,취득세,166161336
2016,대구,달서구,취득세,160123064
2016,대구,달성군,취득세,159592667
2016,대구,중구,주민세,873521
2016,대구,동구,주민세,1820267
2016,대구,서구,주민세,1192802
2016,대구,남구,주민세,808196
2016,대구,북구,주민세,2694017
2016,대구,수성구,주민세,2141330
2016,대구,달서구,주민세,3090104
2016,대구,달성군,주민세,8489850
2016,대구,중구,지방소득세,41455630
2016,대구,동구,지방소득세,41432345
2016,대구,서구,지방소득세,18928271
2016,대구,남구,지방소득세,14724225
2016,대구,북구,지방소득세,53089781
2016,대구,수성구,지방소득세,101985138
2016,대구,달서구,지방소득세,89185768
2016,대구,달성군,지방소득세,44275296
2014,대전,동구,취득세,26600177
2014,대전,중구,취득세,26045316
2014,대전,서구,취득세,82258695
2014,대전,유성구,취득세,128855403
2014,대전,대덕구,취득세,20863762
2014,대전,동구,주민세,791293
2014,대전,중구,주민세,900571
2014,대전,서구,주민세,1696565
2014,대전,유성구,주민세,1227247
2014,대전,대덕구,주민세,880092
2014,대전,동구,지방소득세,13038398
2014,대전,중구,지방소득세,26089499
2014,대전,서구,지방소득세,56941019
2014,대전,유성구,지방소득세,68278210
2014,대전,대덕구,지방소득세,45602460
2015,대전,동구,취득세,30923504
2015,대전,중구,취득세,31348638
2015,대전,서구,취득세,70507930
2015,대전,유성구,취득세,113233241
2015,대전,대덕구,취득세,31415378
2015,대전,동구,주민세,800987
2015,대전,중구,주민세,880362
2015,대전,서구,주민세,1688632
2015,대전,유성구,주민세,1285218
2015,대전,대덕구,주민세,884232
2015,대전,동구,지방소득세,14838665
2015,대전,중구,지방소득세,30613150
2015,대전,서구,지방소득세,118378502
2015,대전,유성구,지방소득세,82864728
2015,대전,대덕구,지방소득세,55539506
2016,대전,동구,취득세,34592854
2016,대전,중구,취득세,30744801
2016,대전,서구,취득세,90382413
2016,대전,유성구,취득세,101299471
2016,대전,대덕구,취득세,23115873
2016,대전,동구,주민세,1448563
2016,대전,중구,주민세,1617905
2016,대전,서구,주민세,3163143
2016,대전,유성구,주민세,2400434
2016,대전,대덕구,주민세,1525913
2016,대전,동구,지방소득세,16112822
2016,대전,중구,지방소득세,26489314
2016,대전,서구,지방소득세,83693026
2016,대전,유성구,지방소득세,102665672
2016,대전,대덕구,지방소득세,58336939
2014,부산,부산시,취득세,257930886
2014,부산,중구,취득세,29613844
2014,부산,서구,취득세,19989879
2014,부산,동구,취득세,19399342
2014,부산,영도구,취득세,14779923
2014,부산,부산진구,취득세,74150022
2014,부산,동래구,취득세,55469967
2014,부산,남구,취득세,53340977
2014,부산,북구,취득세,36511940
2014,부산,해운대구,취득세,108301247
2014,부산,사하구,취득세,50340957
2014,부산,금정구,취득세,46461425
2014,부산,강서구,취득세,97384337
2014,부산,연제구,취득세,38270389
2014,부산,수영구,취득세,41786651
2014,부산,사상구,취득세,47919578
2014,부산,기장군,취득세,86114420
2014,부산,부산시,주민세,0
2014,부산,중구,주민세,521196
2014,부산,서구,주민세,418022
2014,부산,동구,주민세,520843
2014,부산,영도구,주민세,402351
2014,부산,부산진구,주민세,1470160
2014,부산,동래구,주민세,859569
2014,부산,남구,주민세,788048
2014,부산,북구,주민세,743645
2014,부산,해운대구,주민세,1286161
2014,부산,사하구,주민세,1038198
2014,부산,금정구,주민세,861351
2014,부산,강서구,주민세,755958
2014,부산,연제구,주민세,688435
2014,부산,수영구,주민세,548114
2014,부산,사상구,주민세,1322880
2014,부산,기장군,주민세,0
2014,부산,부산시,지방소득세,0
2014,부산,중구,지방소득세,24100878
2014,부산,서구,지방소득세,12274738
2014,부산,동구,지방소득세,30465099
2014,부산,영도구,지방소득세,10718579
2014,부산,부산진구,지방소득세,62293550
2014,부산,동래구,지방소득세,26668256
2014,부산,남구,지방소득세,27837386
2014,부산,북구,지방소득세,18085500
2014,부산,해운대구,지방소득세,74066727
2014,부산,사하구,지방소득세,34381401
2014,부산,금정구,지방소득세,32661540
2014,부산,강서구,지방소득세,50522956
2014,부산,연제구,지방소득세,26243601
2014,부산,수영구,지방소득세,16300845
2014,부산,사상구,지방소득세,34370234
2014,부산,기장군,지방소득세,0
2015,부산,부산시,취득세,303801526
2015,부산,중구,취득세,21171500
2015,부산,서구,취득세,20396999
2015,부산,동구,취득세,25741864
2015,부산,영도구,취득세,19754709
2015,부산,부산진구,취득세,83142241
2015,부산,동래구,취득세,70577947
2015,부산,남구,취득세,52636328
2015,부산,북구,취득세,60172774
2015,부산,해운대구,취득세,172125335
2015,부산,사하구,취득세,55453562
2015,부산,금정구,취득세,59227860
2015,부산,강서구,취득세,116113535
2015,부산,연제구,취득세,62537051
2015,부산,수영구,취득세,53126640
2015,부산,사상구,취득세,44796077
2015,부산,기장군,취득세,93797850
2015,부산,부산시,주민세,0
2015,부산,중구,주민세,821221
2015,부산,서구,주민세,731129
2015,부산,동구,주민세,863864
2015,부산,영도구,주민세,729340
2015,부산,부산진구,주민세,2613946
2015,부산,동래구,주민세,1583277
2015,부산,남구,주민세,1484035
2015,부산,북구,주민세,1433066
2015,부산,해운대구,주민세,2345178
2015,부산,사하구,주민세,1865400
2015,부산,금정구,주민세,1539780
2015,부산,강서구,주민세,1324645
2015,부산,연제구,주민세,1314042
2015,부산,수영구,주민세,1046467
2015,부산,사상구,주민세,2196122
2015,부산,기장군,주민세,0
2015,부산,부산시,지방소득세,0
2015,부산,중구,지방소득세,35340146
2015,부산,서구,지방소득세,14395204
2015,부산,동구,지방소득세,28060925
2015,부산,영도구,지방소득세,12671988
2015,부산,부산진구,지방소득세,77266230
2015,부산,동래구,지방소득세,31319627
2015,부산,남구,지방소득세,376345644
2015,부산,북구,지방소득세,25822084
2015,부산,해운대구,지방소득세,93048374
2015,부산,사하구,지방소득세,39488007
2015,부산,금정구,지방소득세,36476805
2015,부산,강서구,지방소득세,64141539
2015,부산,연제구,지방소득세,31884922
2015,부산,수영구,지방소득세,21293520
2015,부산,사상구,지방소득세,42430488
2015,부산,기장군,지방소득세,0
2016,부산,부산시,취득세,311628504
2016,부산,중구,취득세,22940128
2016,부산,서구,취득세,19409167
2016,부산,동구,취득세,22825636
2016,부산,영도구,취득세,17432397
2016,부산,부산진구,취득세,81646481
2016,부산,동래구,취득세,69414746
2016,부산,남구,취득세,56485553
2016,부산,북구,취득세,41472248
2016,부산,해운대구,취득세,133686912
2016,부산,사하구,취득세,63984988
2016,부산,금정구,취득세,57105773
2016,부산,강서구,취득세,142192590
2016,부산,연제구,취득세,56603000
2016,부산,수영구,취득세,62141504
2016,부산,사상구,취득세,50431840
2016,부산,기장군,취득세,79971297
2016,부산,부산시,주민세,0
2016,부산,중구,주민세,842984
2016,부산,서구,주민세,739058
2016,부산,동구,주민세,863534
2016,부산,영도구,주민세,724440
2016,부산,부산진구,주민세,2669614
2016,부산,동래구,주민세,1619485
2016,부산,남구,주민세,1486010
2016,부산,북구,주민세,1477299
2016,부산,해운대구,주민세,2488359
2016,부산,사하구,주민세,1893292
2016,부산,금정구,주민세,1553177
2016,부산,강서구,주민세,1458460
2016,부산,연제구,주민세,1346117
2016,부산,수영구,주민세,1089876
2016,부산,사상구,주민세,2191123
2016,부산,기장군,주민세,0
2016,부산,부산시,지방소득세,0
2016,부산,중구,지방소득세,29572199
2016,부산,서구,지방소득세,17558278
2016,부산,동구,지방소득세,31060344
2016,부산,영도구,지방소득세,12731615
2016,부산,부산진구,지방소득세,79530796
2016,부산,동래구,지방소득세,35251819
2016,부산,남구,지방소득세,74040877
2016,부산,북구,지방소득세,23212670
2016,부산,해운대구,지방소득세,93062759
2016,부산,사하구,지방소득세,43674695
2016,부산,금정구,지방소득세,36508098
2016,부산,강서구,지방소득세,68835160
2016,부산,연제구,지방소득세,40291554
2016,부산,수영구,지방소득세,24169272
2016,부산,사상구,지방소득세,42074575
2016,부산,기장군,지방소득세,0
2014,서울,서울시,취득세,-132226
2014,서울,종로구,취득세,136485571
2014,서울,중구,취득세,158931770
2014,서울,용산구,취득세,157076176
2014,서울,성동구,취득세,103622457
2014,서울,광진구,취득세,68640336
2014,서울,동대문구,취득세,84421553
2014,서울,중랑구,취득세,74990360
2014,서울,성북구,취득세,76534104
2014,서울,강북구,취득세,43032806
2014,서울,도봉구,취득세,43163676
2014,서울,노원구,취득세,72664849
2014,서울,은평구,취득세,82905622
2014,서울,서대문구,취득세,69971723
2014,서울,마포구,취득세,162181857
2014,서울,양천구,취득세,92502216
2014,서울,강서구,취득세,195393552
2014,서울,구로구,취득세,111072286
2014,서울,금천구,취득세,91912541
2014,서울,영등포구,취득세,145985026
2014,서울,동작구,취득세,79314600
2014,서울,관악구,취득세,80527336
2014,서울,서초구,취득세,320670141
2014,서울,강남구,취득세,477502506
2014,서울,송파구,취득세,285141772
2014,서울,강동구,취득세,96660228
2014,서울,서울시,주민세,-501528
2014,서울,종로구,주민세,24612116
2014,서울,중구,주민세,55845537
2014,서울,용산구,주민세,10336654
2014,서울,성동구,주민세,8101560
2014,서울,광진구,주민세,4440229
2014,서울,동대문구,주민세,5545824
2014,서울,중랑구,주민세,3135123
2014,서울,성북구,주민세,3394055
2014,서울,강북구,주민세,2045348
2014,서울,도봉구,주민세,2491003
2014,서울,노원구,주민세,4280938
2014,서울,은평구,주민세,2940070
2014,서울,서대문구,주민세,4604514
2014,서울,마포구,주민세,16414108
2014,서울,양천구,주민세,5245226
2014,서울,강서구,주민세,11187667
2014,서울,구로구,주민세,10904682
2014,서울,금천구,주민세,14882805
2014,서울,영등포구,주민세,44393952
2014,서울,동작구,주민세,5738144
2014,서울,관악구,주민세,4450684
2014,서울,서초구,주민세,39325436
2014,서울,강남구,주민세,65477246
2014,서울,송파구,주민세,18580664
2014,서울,강동구,주민세,6857084
2014,서울,서울시,지방소득세,-10329447
2014,서울,종로구,지방소득세,284681928
2014,서울,중구,지방소득세,533494222
2014,서울,용산구,지방소득세,133821856
2014,서울,성동구,지방소득세,67483504
2014,서울,광진구,지방소득세,42366670
2014,서울,동대문구,지방소득세,41042195
2014,서울,중랑구,지방소득세,15909566
2014,서울,성북구,지방소득세,45614370
2014,서울,강북구,지방소득세,15264995
2014,서울,도봉구,지방소득세,15437852
2014,서울,노원구,지방소득세,29113289
2014,서울,은평구,지방소득세,21501744
2014,서울,서대문구,지방소득세,48838615
2014,서울,마포구,지방소득세,112648461
2014,서울,양천구,지방소득세,61619296
2014,서울,강서구,지방소득세,58157314
2014,서울,구로구,지방소득세,62244674
2014,서울,금천구,지방소득세,65852347
2014,서울,영등포구,지방소득세,330369798
2014,서울,동작구,지방소득세,42825172
2014,서울,관악구,지방소득세,29192346
2014,서울,서초구,지방소득세,369818521
2014,서울,강남구,지방소득세,722517170
2014,서울,송파구,지방소득세,138820794
2014,서울,강동구,지방소득세,46343876
2015,서울,서울시,취득세,-99748
2015,서울,종로구,취득세,139527609
2015,서울,중구,취득세,151295303
2015,서울,용산구,취득세,171252565
2015,서울,성동구,취득세,132351627
2015,서울,광진구,취득세,116440982
2015,서울,동대문구,취득세,104972233
2015,서울,중랑구,취득세,88957034
2015,서울,성북구,취득세,108372561
2015,서울,강북구,취득세,60593007
2015,서울,도봉구,취득세,62971779
2015,서울,노원구,취득세,87574930
2015,서울,은평구,취득세,131596675
2015,서울,서대문구,취득세,96834631
2015,서울,마포구,취득세,214926192
2015,서울,양천구,취득세,124493533
2015,서울,강서구,취득세,236475106
2015,서울,구로구,취득세,119761206
2015,서울,금천구,취득세,87652217
2015,서울,영등포구,취득세,208874128
2015,서울,동작구,취득세,118416938
2015,서울,관악구,취득세,114145328
2015,서울,서초구,취득세,364924514
2015,서울,강남구,취득세,1040532101
2015,서울,송파구,취득세,298169305
2015,서울,강동구,취득세,146583095
2015,서울,서울시,주민세,-216149
2015,서울,종로구,주민세,27065575
2015,서울,중구,주민세,38828202
2015,서울,용산구,주민세,11295128
2015,서울,성동구,주민세,8906564
2015,서울,광진구,주민세,4945596
2015,서울,동대문구,주민세,6278316
2015,서울,중랑구,주민세,3488120
2015,서울,성북구,주민세,4037896
2015,서울,강북구,주민세,2133901
2015,서울,도봉구,주민세,2588868
2015,서울,노원구,주민세,4649241
2015,서울,은평구,주민세,3042248
2015,서울,서대문구,주민세,6773699
2015,서울,마포구,주민세,17474473
2015,서울,양천구,주민세,5493324
2015,서울,강서구,주민세,12892522
2015,서울,구로구,주민세,11572332
2015,서울,금천구,주민세,15631859
2015,서울,영등포구,주민세,47242101
2015,서울,동작구,주민세,6375490
2015,서울,관악구,주민세,4514333
2015,서울,서초구,주민세,38305901
2015,서울,강남구,주민세,69522062
2015,서울,송파구,주민세,20217529
2015,서울,강동구,주민세,7843666
2015,서울,서울시,지방소득세,-738556
2015,서울,종로구,지방소득세,361648365
2015,서울,중구,지방소득세,767812824
2015,서울,용산구,지방소득세,153876207
2015,서울,성동구,지방소득세,72595053
2015,서울,광진구,지방소득세,51291631
2015,서울,동대문구,지방소득세,42992010
2015,서울,중랑구,지방소득세,20388384
2015,서울,성북구,지방소득세,48072838
2015,서울,강북구,지방소득세,17311977
2015,서울,도봉구,지방소득세,18942872
2015,서울,노원구,지방소득세,31854570
2015,서울,은평구,지방소득세,25614589
2015,서울,서대문구,지방소득세,54535619
2015,서울,마포구,지방소득세,133956880
2015,서울,양천구,지방소득세,62223706
2015,서울,강서구,지방소득세,67305989
2015,서울,구로구,지방소득세,72765533
2015,서울,금천구,지방소득세,85551940
2015,서울,영등포구,지방소득세,477442553
2015,서울,동작구,지방소득세,50333366
2015,서울,관악구,지방소득세,35264649
2015,서울,서초구,지방소득세,454135338
2015,서울,강남구,지방소득세,922399414
2015,서울,송파구,지방소득세,175479220
2015,서울,강동구,지방소득세,56803770
2016,서울,서울시,취득세,-169104
2016,서울,종로구,취득세,137454177
2016,서울,중구,취득세,243276878
2016,서울,용산구,취득세,213768204
2016,서울,성동구,취득세,149712020
2016,서울,광진구,취득세,109880977
2016,서울,동대문구,취득세,106217956
2016,서울,중랑구,취득세,107842682
2016,서울,성북구,취득세,116206135
2016,서울,강북구,취득세,62028371
2016,서울,도봉구,취득세,62120725
2016,서울,노원구,취득세,111767324
2016,서울,은평구,취득세,124270290
2016,서울,서대문구,취득세,128632153
2016,서울,마포구,취득세,224109750
2016,서울,양천구,취득세,155999115
2016,서울,강서구,취득세,243793070
2016,서울,구로구,취득세,132914223
2016,서울,금천구,취득세,106480930
2016,서울,영등포구,취득세,233501786
2016,서울,동작구,취득세,143898983
2016,서울,관악구,취득세,124190720
2016,서울,서초구,취득세,483241571
2016,서울,강남구,취득세,712796573
2016,서울,송파구,취득세,483255457
2016,서울,강동구,취득세,174918123
2016,서울,서울시,주민세,-421510
2016,서울,종로구,주민세,38152070
2016,서울,중구,주민세,63472739
2016,서울,용산구,주민세,12964421
2016,서울,성동구,주민세,10787781
2016,서울,광진구,주민세,5514286
2016,서울,동대문구,주민세,7021536
2016,서울,중랑구,주민세,3929389
2016,서울,성북구,주민세,4398766
2016,서울,강북구,주민세,2301947
2016,서울,도봉구,주민세,2768304
2016,서울,노원구,주민세,5034407
2016,서울,은평구,주민세,3467774
2016,서울,서대문구,주민세,7713280
2016,서울,마포구,주민세,19665271
2016,서울,양천구,주민세,6119666
2016,서울,강서구,주민세,14485136
2016,서울,구로구,주민세,13539131
2016,서울,금천구,주민세,17216179
2016,서울,영등포구,주민세,53459317
2016,서울,동작구,주민세,6765472
2016,서울,관악구,주민세,4925506
2016,서울,서초구,주민세,45432891
2016,서울,강남구,주민세,84668626
2016,서울,송파구,주민세,23798808
2016,서울,강동구,주민세,8349214
2016,서울,서울시,지방소득세,-1034192
2016,서울,종로구,지방소득세,331868615
2016,서울,중구,지방소득세,657635025
2016,서울,용산구,지방소득세,159735278
2016,서울,성동구,지방소득세,77236444
2016,서울,광진구,지방소득세,57416028
2016,서울,동대문구,지방소득세,45926632
2016,서울,중랑구,지방소득세,23997445
2016,서울,성북구,지방소득세,55482652
2016,서울,강북구,지방소득세,17453426
2016,서울,도봉구,지방소득세,21536052
2016,서울,노원구,지방소득세,47499856
2016,서울,은평구,지방소득세,29872269
2016,서울,서대문구,지방소득세,58661765
2016,서울,마포구,지방소득세,140513357
2016,서울,양천구,지방소득세,72745178
2016,서울,강서구,지방소득세,80577356
2016,서울,구로구,지방소득세,81288614
2016,서울,금천구,지방소득세,87725985
2016,서울,영등포구,지방소득세,403977690
2016,서울,동작구,지방소득세,56175658
2016,서울,관악구,지방소득세,39673508
2016,서울,서초구,지방소득세,483580206
2016,서울,강남구,지방소득세,913990240
2016,서울,송파구,지방소득세,190912392
2016,서울,강동구,지방소득세,57646255
2014,세종,세종시,취득세,198093352
2014,세종,세종시,주민세,4530053
2014,세종,세종시,지방소득세,33595394
2015,세종,세종시,취득세,275494408
2015,세종,세종시,주민세,5923091
2015,세종,세종시,지방소득세,47185933
2016,세종,세종시,취득세,232872952
2016,세종,세종시,주민세,6947927
2016,세종,세종시,지방소득세,55048632
2014,울산,중구,취득세,56536972
2014,울산,남구,취득세,89544343
2014,울산,동구,취득세,32136817
2014,울산,북구,취득세,50735739
2014,울산,울주군,취득세,90068979
2014,울산,중구,주민세,626108
2014,울산,남구,주민세,1500042
2014,울산,동구,주민세,463642
2014,울산,북구,주민세,569049
2014,울산,울주군,주민세,12244174
2014,울산,중구,지방소득세,16690466
2014,울산,남구,지방소득세,118768991
2014,울산,동구,지방소득세,48737114
2014,울산,북구,지방소득세,98896747
2014,울산,울주군,지방소득세,69648099
2015,울산,중구,취득세,64577691
2015,울산,남구,취득세,96515113
2015,울산,동구,취득세,27007192
2015,울산,북구,취득세,63713595
2015,울산,울주군,취득세,103024127
2015,울산,중구,주민세,648517
2015,울산,남구,주민세,1456940
2015,울산,동구,주민세,469133
2015,울산,북구,주민세,612153
2015,울산,울주군,주민세,13064450
2015,울산,중구,지방소득세,25010804
2015,울산,남구,지방소득세,119587124
2015,울산,동구,지방소득세,47550217
2015,울산,북구,지방소득세,143450413
2015,울산,울주군,지방소득세,81916168
2016,울산,중구,취득세,48000837
2016,울산,남구,취득세,106490330
2016,울산,동구,취득세,33504248
2016,울산,북구,취득세,70159631
2016,울산,울주군,취득세,136476387
2016,울산,중구,주민세,912587
2016,울산,남구,주민세,1855010
2016,울산,동구,주민세,657913
2016,울산,북구,주민세,811903
2016,울산,울주군,주민세,14359075
2016,울산,중구,지방소득세,28243448
2016,울산,남구,지방소득세,145132239
2016,울산,동구,지방소득세,43583580
2016,울산,북구,지방소득세,156141025
2016,울산,울주군,지방소득세,97426982
2014,인천,중구,취득세,74917497
2014,인천,동구,취득세,15495435
2014,인천,남구,취득세,83792310
2014,인천,연수구,취득세,184481625
2014,인천,남동구,취득세,234192865
2014,인천,부평구,취득세,112629151
2014,인천,계양구,취득세,84770911
2014,인천,서구,취득세,178520637
2014,인천,강화군,취득세,21974661
2014,인천,옹진군,취득세,24064528
2014,인천,중구,주민세,586146
2014,인천,동구,주민세,375253
2014,인천,남구,주민세,1216267
2014,인천,연수구,주민세,907763
2014,인천,남동구,주민세,1935074
2014,인천,부평구,주민세,1675046
2014,인천,계양구,주민세,989746
2014,인천,서구,주민세,1713100
2014,인천,강화군,주민세,538643
2014,인천,옹진군,주민세,682683
2014,인천,중구,지방소득세,59768917
2014,인천,동구,지방소득세,12555420
2014,인천,남구,지방소득세,25249935
2014,인천,연수구,지방소득세,50720024
2014,인천,남동구,지방소득세,68920114
2014,인천,부평구,지방소득세,50859689
2014,인천,계양구,지방소득세,15755574
2014,인천,서구,지방소득세,53906993
2014,인천,강화군,지방소득세,4147848
2014,인천,옹진군,지방소득세,3434773
2015,인천,중구,취득세,86188981
2015,인천,동구,취득세,13803772
2015,인천,남구,취득세,110479389
2015,인천,연수구,취득세,252978667
2015,인천,남동구,취득세,312397718
2015,인천,부평구,취득세,153365881
2015,인천,계양구,취득세,103339965
2015,인천,서구,취득세,243717381
2015,인천,강화군,취득세,29314896
2015,인천,옹진군,취득세,9869011
2015,인천,중구,주민세,1051862
2015,인천,동구,주민세,644379
2015,인천,남구,주민세,2286488
2015,인천,연수구,주민세,1729233
2015,인천,남동구,주민세,3590331
2015,인천,부평구,주민세,3090856
2015,인천,계양구,주민세,1820598
2015,인천,서구,주민세,3099603
2015,인천,강화군,주민세,537786
2015,인천,옹진군,주민세,676551
2015,인천,중구,지방소득세,69219096
2015,인천,동구,지방소득세,14030807
2015,인천,남구,지방소득세,29763433
2015,인천,연수구,지방소득세,64302193
2015,인천,남동구,지방소득세,96688199
2015,인천,부평구,지방소득세,60835762
2015,인천,계양구,지방소득세,17931097
2015,인천,서구,지방소득세,68028481
2015,인천,강화군,지방소득세,4930340
2015,인천,옹진군,지방소득세,4407668
2016,인천,중구,취득세,104444563
2016,인천,동구,취득세,14486473
2016,인천,남구,취득세,163428876
2016,인천,연수구,취득세,210909544
2016,인천,남동구,취득세,261571652
2016,인천,부평구,취득세,174714902
2016,인천,계양구,취득세,107937028
2016,인천,서구,취득세,260416444
2016,인천,강화군,취득세,28932464
2016,인천,옹진군,취득세,8823264
2016,인천,중구,주민세,1124565
2016,인천,동구,주민세,649686
2016,인천,남구,주민세,2383186
2016,인천,연수구,주민세,1917763
2016,인천,남동구,주민세,3722367
2016,인천,부평구,주민세,3194073
2016,인천,계양구,주민세,1850222
2016,인천,서구,주민세,3275985
2016,인천,강화군,주민세,619505
2016,인천,옹진군,주민세,835150
2016,인천,중구,지방소득세,75844792
2016,인천,동구,지방소득세,14296497
2016,인천,남구,지방소득세,34540459
2016,인천,연수구,지방소득세,101344375
2016,인천,남동구,지방소득세,96164188
2016,인천,부평구,지방소득세,64151453
2016,인천,계양구,지방소득세,22000497
2016,인천,서구,지방소득세,76441691
2016,인천,강화군,지방소득세,6106019
2016,인천,옹진군,지방소득세,7266823
2014,전남,목포시,취득세,44440714
2014,전남,여수시,취득세,57116905
2014,전남,순천시,취득세,59367291
2014,전남,나주시,취득세,55413602
2014,전남,광양시,취득세,38718807
2014,전남,담양군,취득세,11527738
2014,전남,곡성군,취득세,4717685
2014,전남,구례군,취득세,5112319
2014,전남,고흥군,취득세,8638163
2014,전남,보성군,취득세,7706899
2014,전남,화순군,취득세,12883836
2014,전남,장흥군,취득세,6241658
2014,전남,강진군,취득세,5448551
2014,전남,해남군,취득세,12048572
2014,전남,영암군,취득세,26391530
2014,전남,무안군,취득세,24421539
2014,전남,함평군,취득세,5956782
2014,전남,영광군,취득세,8960949
2014,전남,장성군,취득세,8695112
2014,전남,완도군,취득세,6392302
2014,전남,진도군,취득세,3724608
2014,전남,신안군,취득세,6492932
2014,전남,목포시,주민세,2531974
2014,전남,여수시,주민세,10626906
2014,전남,순천시,주민세,3164429
2014,전남,나주시,주민세,1771513
2014,전남,광양시,주민세,10081613
2014,전남,담양군,주민세,586560
2014,전남,곡성군,주민세,782552
2014,전남,구례군,주민세,253144
2014,전남,고흥군,주민세,498350
2014,전남,보성군,주민세,297372
2014,전남,화순군,주민세,815199
2014,전남,장흥군,주민세,313861
2014,전남,강진군,주민세,286883
2014,전남,해남군,주민세,712012
2014,전남,영암군,주민세,4545818
2014,전남,무안군,주민세,625042
2014,전남,함평군,주민세,314311
2014,전남,영광군,주민세,1408883
2014,전남,장성군,주민세,799976
2014,전남,완도군,주민세,268751
2014,전남,진도군,주민세,151718
2014,전남,신안군,주민세,254687
2014,전남,목포시,지방소득세,17969522
2014,전남,여수시,지방소득세,68552553
2014,전남,순천시,지방소득세,24137122
2014,전남,나주시,지방소득세,10645787
2014,전남,광양시,지방소득세,40214273
2014,전남,담양군,지방소득세,3340206
2014,전남,곡성군,지방소득세,3194005
2014,전남,구례군,지방소득세,1253114
2014,전남,고흥군,지방소득세,2570344
2014,전남,보성군,지방소득세,2140875
2014,전남,화순군,지방소득세,5802750
2014,전남,장흥군,지방소득세,1864694
2014,전남,강진군,지방소득세,1809244
2014,전남,해남군,지방소득세,3747263
2014,전남,영암군,지방소득세,12398980
2014,전남,무안군,지방소득세,5771511
2014,전남,함평군,지방소득세,1799067
2014,전남,영광군,지방소득세,4152393
2014,전남,장성군,지방소득세,5134989
2014,전남,완도군,지방소득세,2206698
2014,전남,진도군,지방소득세,1076915
2014,전남,신안군,지방소득세,1604472
2015,전남,목포시,취득세,43813893
2015,전남,여수시,취득세,74709270
2015,전남,순천시,취득세,81761279
2015,전남,나주시,취득세,86195429
2015,전남,광양시,취득세,40748523
2015,전남,담양군,취득세,14899563
2015,전남,곡성군,취득세,4920778
2015,전남,구례군,취득세,5280921
2015,전남,고흥군,취득세,9805549
2015,전남,보성군,취득세,25078730
2015,전남,화순군,취득세,19516091
2015,전남,장흥군,취득세,6076587
2015,전남,강진군,취득세,7255853
2015,전남,해남군,취득세,16485805
2015,전남,영암군,취득세,17959835
2015,전남,무안군,취득세,29064077
2015,전남,함평군,취득세,5803220
2015,전남,영광군,취득세,9550312
2015,전남,장성군,취득세,10977114
2015,전남,완도군,취득세,7566212
2015,전남,진도군,취득세,5325770
2015,전남,신안군,취득세,6498131
2015,전남,목포시,주민세,2587090
2015,전남,여수시,주민세,10980763
2015,전남,순천시,주민세,3598684
2015,전남,나주시,주민세,3576061
2015,전남,광양시,주민세,10236618
2015,전남,담양군,주민세,675913
2015,전남,곡성군,주민세,912423
2015,전남,구례군,주민세,313998
2015,전남,고흥군,주민세,559795
2015,전남,보성군,주민세,388463
2015,전남,화순군,주민세,1234970
2015,전남,장흥군,주민세,322029
2015,전남,강진군,주민세,355762
2015,전남,해남군,주민세,860467
2015,전남,영암군,주민세,5203005
2015,전남,무안군,주민세,778439
2015,전남,함평군,주민세,342279
2015,전남,영광군,주민세,1611155
2015,전남,장성군,주민세,897691
2015,전남,완도군,주민세,344401
2015,전남,진도군,주민세,194981
2015,전남,신안군,주민세,306611
2015,전남,목포시,지방소득세,20000493
2015,전남,여수시,지방소득세,74019577
2015,전남,순천시,지방소득세,26455027
2015,전남,나주시,지방소득세,19808769
2015,전남,광양시,지방소득세,58777463
2015,전남,담양군,지방소득세,4598329
2015,전남,곡성군,지방소득세,4818496
2015,전남,구례군,지방소득세,1425470
2015,전남,고흥군,지방소득세,3280269
2015,전남,보성군,지방소득세,2426770
2015,전남,화순군,지방소득세,7341167
2015,전남,장흥군,지방소득세,2179307
2015,전남,강진군,지방소득세,2036626
2015,전남,해남군,지방소득세,4431200
2015,전남,영암군,지방소득세,17730001
2015,전남,무안군,지방소득세,6088942
2015,전남,함평군,지방소득세,2220049
2015,전남,영광군,지방소득세,16595331
2015,전남,장성군,지방소득세,6689576
2015,전남,완도군,지방소득세,2688126
2015,전남,진도군,지방소득세,1250269
2015,전남,신안군,지방소득세,1687228
2016,전남,목포시,취득세,50047366
2016,전남,여수시,취득세,94868088
2016,전남,순천시,취득세,65263880
2016,전남,나주시,취득세,87719655
2016,전남,광양시,취득세,48234410
2016,전남,담양군,취득세,17027373
2016,전남,곡성군,취득세,6441137
2016,전남,구례군,취득세,5567674
2016,전남,고흥군,취득세,9997430
2016,전남,보성군,취득세,31040716
2016,전남,화순군,취득세,17424655
2016,전남,장흥군,취득세,9906175
2016,전남,강진군,취득세,6439655
2016,전남,해남군,취득세,15998429
2016,전남,영암군,취득세,16747235
2016,전남,무안군,취득세,26379252
2016,전남,함평군,취득세,7864134
2016,전남,영광군,취득세,10955214
2016,전남,장성군,취득세,12738698
2016,전남,완도군,취득세,10714641
2016,전남,진도군,취득세,5501357
2016,전남,신안군,취득세,8136415
2016,전남,목포시,주민세,2851430
2016,전남,여수시,주민세,13709712
2016,전남,순천시,주민세,4687463
2016,전남,나주시,주민세,4590032
2016,전남,광양시,주민세,10650445
2016,전남,담양군,주민세,760035
2016,전남,곡성군,주민세,1066824
2016,전남,구례군,주민세,366974
2016,전남,고흥군,주민세,796443
2016,전남,보성군,주민세,504177
2016,전남,화순군,주민세,1578459
2016,전남,장흥군,주민세,379653
2016,전남,강진군,주민세,451686
2016,전남,해남군,주민세,1029929
2016,전남,영암군,주민세,4709114
2016,전남,무안군,주민세,974737
2016,전남,함평군,주민세,473533
2016,전남,영광군,주민세,1781487
2016,전남,장성군,주민세,1072643
2016,전남,완도군,주민세,429387
2016,전남,진도군,주민세,228960
2016,전남,신안군,주민세,381036
2016,전남,목포시,지방소득세,20930862
2016,전남,여수시,지방소득세,119723277
2016,전남,순천시,지방소득세,30657428
2016,전남,나주시,지방소득세,31977964
2016,전남,광양시,지방소득세,53771429
2016,전남,담양군,지방소득세,6003280
2016,전남,곡성군,지방소득세,2791567
2016,전남,구례군,지방소득세,1729536
2016,전남,고흥군,지방소득세,3891756
2016,전남,보성군,지방소득세,2860304
2016,전남,화순군,지방소득세,8847312
2016,전남,장흥군,지방소득세,2365823
2016,전남,강진군,지방소득세,3366373
2016,전남,해남군,지방소득세,5756059
2016,전남,영암군,지방소득세,14436742
2016,전남,무안군,지방소득세,8260819
2016,전남,함평군,지방소득세,2613464
2016,전남,영광군,지방소득세,20611523
2016,전남,장성군,지방소득세,7809907
2016,전남,완도군,지방소득세,2836537
2016,전남,진도군,지방소득세,2325095
2016,전남,신안군,지방소득세,2299750
2014,전북,전주시,취득세,165334011
2014,전북,군산시,취득세,66350410
2014,전북,익산시,취득세,58632253
2014,전북,정읍시,취득세,22716474
2014,전북,남원시,취득세,14916064
2014,전북,김제시,취득세,21322327
2014,전북,완주군,취득세,32912052
2014,전북,진안군,취득세,4330265
2014,전북,무주군,취득세,4215133
2014,전북,장수군,취득세,3543825
2014,전북,임실군,취득세,4267823
2014,전북,순창군,취득세,3873432
2014,전북,고창군,취득세,8803461
2014,전북,부안군,취득세,12388436
2014,전북,전주시,주민세,7768783
2014,전북,군산시,주민세,8477642
2014,전북,익산시,주민세,5274514
2014,전북,정읍시,주민세,1791936
2014,전북,남원시,주민세,638046
2014,전북,김제시,주민세,1443589
2014,전북,완주군,주민세,5763749
2014,전북,진안군,주민세,156824
2014,전북,무주군,주민세,347962
2014,전북,장수군,주민세,161464
2014,전북,임실군,주민세,286745
2014,전북,순창군,주민세,261195
2014,전북,고창군,주민세,499679
2014,전북,부안군,주민세,563305
2014,전북,전주시,지방소득세,58704289
2014,전북,군산시,지방소득세,33939646
2014,전북,익산시,지방소득세,27006796
2014,전북,정읍시,지방소득세,6720280
2014,전북,남원시,지방소득세,5682019
2014,전북,김제시,지방소득세,7512187
2014,전북,완주군,지방소득세,21458416
2014,전북,진안군,지방소득세,1094892
2014,전북,무주군,지방소득세,1122295
2014,전북,장수군,지방소득세,1152408
2014,전북,임실군,지방소득세,1467295
2014,전북,순창군,지방소득세,1641753
2014,전북,고창군,지방소득세,2732896
2014,전북,부안군,지방소득세,2926739
2015,전북,전주시,취득세,187012615
2015,전북,군산시,취득세,85174911
2015,전북,익산시,취득세,68320911
2015,전북,정읍시,취득세,20616461
2015,전북,남원시,취득세,14921735
2015,전북,김제시,취득세,21518821
2015,전북,완주군,취득세,35837202
2015,전북,진안군,취득세,4983022
2015,전북,무주군,취득세,5109852
2015,전북,장수군,취득세,4262827
2015,전북,임실군,취득세,4904552
2015,전북,순창군,취득세,5165393
2015,전북,고창군,취득세,10540816
2015,전북,부안군,취득세,16039169
2015,전북,전주시,주민세,9014984
2015,전북,군산시,주민세,8870796
2015,전북,익산시,주민세,5917437
2015,전북,정읍시,주민세,1891625
2015,전북,남원시,주민세,874681
2015,전북,김제시,주민세,1516698
2015,전북,완주군,주민세,5460584
2015,전북,진안군,주민세,196920
2015,전북,무주군,주민세,364073
2015,전북,장수군,주민세,205384
2015,전북,임실군,주민세,389278
2015,전북,순창군,주민세,277743
2015,전북,고창군,주민세,536901
2015,전북,부안군,주민세,672782
2015,전북,전주시,지방소득세,71642731
2015,전북,군산시,지방소득세,42173830
2015,전북,익산시,지방소득세,30996539
2015,전북,정읍시,지방소득세,8555694
2015,전북,남원시,지방소득세,6273963
2015,전북,김제시,지방소득세,9620582
2015,전북,완주군,지방소득세,32035852
2015,전북,진안군,지방소득세,1458462
2015,전북,무주군,지방소득세,1834484
2015,전북,장수군,지방소득세,1488486
2015,전북,임실군,지방소득세,1787095
2015,전북,순창군,지방소득세,1811793
2015,전북,고창군,지방소득세,3582905
2015,전북,부안군,지방소득세,3476677
2016,전북,전주시,취득세,191444494
2016,전북,군산시,취득세,75218977
2016,전북,익산시,취득세,58029924
2016,전북,정읍시,취득세,21597595
2016,전북,남원시,취득세,17584746
2016,전북,김제시,취득세,21303939
2016,전북,완주군,취득세,31956934
2016,전북,진안군,취득세,4865616
2016,전북,무주군,취득세,5262271
2016,전북,장수군,취득세,3896414
2016,전북,임실군,취득세,5790409
2016,전북,순창군,취득세,4374012
2016,전북,고창군,취득세,11686714
2016,전북,부안군,취득세,13469616
2016,전북,전주시,주민세,11694753
2016,전북,군산시,주민세,10054621
2016,전북,익산시,주민세,6922873
2016,전북,정읍시,주민세,2035840
2016,전북,남원시,주민세,1086146
2016,전북,김제시,주민세,1948200
2016,전북,완주군,주민세,6524259
2016,전북,진안군,주민세,302221
2016,전북,무주군,주민세,465265
2016,전북,장수군,주민세,301663
2016,전북,임실군,주민세,422817
2016,전북,순창군,주민세,422686
2016,전북,고창군,주민세,812839
2016,전북,부안군,주민세,846584
2016,전북,전주시,지방소득세,80388715
2016,전북,군산시,지방소득세,44413431
2016,전북,익산시,지방소득세,37597360
2016,전북,정읍시,지방소득세,10002639
2016,전북,남원시,지방소득세,8675733
2016,전북,김제시,지방소득세,10555735
2016,전북,완주군,지방소득세,35264029
2016,전북,진안군,지방소득세,1819499
2016,전북,무주군,지방소득세,2175584
2016,전북,장수군,지방소득세,1728010
2016,전북,임실군,지방소득세,2079353
2016,전북,순창군,지방소득세,2314439
2016,전북,고창군,지방소득세,4607781
2016,전북,부안군,지방소득세,4636100
2014,제주도,제주시,취득세,174882664
2014,제주도,서귀포시,취득세,92709259
2014,제주도,제주시,주민세,5968246
2014,제주도,서귀포시,주민세,2003488
2014,제주도,제주시,지방소득세,55581877
2014,제주도,서귀포시,지방소득세,16266216
2015,제주도,제주시,취득세,236211734
2015,제주도,서귀포시,취득세,157114106
2015,제주도,제주시,주민세,6880702
2015,제주도,서귀포시,주민세,2342009
2015,제주도,제주시,지방소득세,82281039
2015,제주도,서귀포시,지방소득세,25076303
2016,제주도,제주시,취득세,293304760
2016,제주도,서귀포시,취득세,174725759
2016,제주도,제주시,주민세,8173460
2016,제주도,서귀포시,주민세,2927476
2016,제주도,제주시,지방소득세,134638894
2016,제주도,서귀포시,지방소득세,37609429
2014,충북,청주시,취득세,228122191
2014,충북,충주시,취득세,56643015
2014,충북,제천시,취득세,27709531
2014,충북,보은군,취득세,6056196
2014,충북,옥천군,취득세,11451076
2014,충북,영동군,취득세,6943174
2014,충북,증평군,취득세,6463916
2014,충북,진천군,취득세,25258262
2014,충북,괴산군,취득세,10385626
2014,충북,음성군,취득세,39449535
2014,충북,단양군,취득세,6418558
2014,충북,청주시,주민세,22191112
2014,충북,충주시,주민세,3384487
2014,충북,제천시,주민세,2048315
2014,충북,보은군,주민세,611695
2014,충북,옥천군,주민세,791139
2014,충북,영동군,주민세,622218
2014,충북,증평군,주민세,825667
2014,충북,진천군,주민세,4534515
2014,충북,괴산군,주민세,568144
2014,충북,음성군,주민세,5225377
2014,충북,단양군,주민세,841585
2014,충북,청주시,지방소득세,171506830
2014,충북,충주시,지방소득세,23224799
2014,충북,제천시,지방소득세,11040475
2014,충북,보은군,지방소득세,2562837
2014,충북,옥천군,지방소득세,4717526
2014,충북,영동군,지방소득세,2968244
2014,충북,증평군,지방소득세,2409656
2014,충북,진천군,지방소득세,23736310
2014,충북,괴산군,지방소득세,3052497
2014,충북,음성군,지방소득세,24812998
2014,충북,단양군,지방소득세,3538641
2015,충북,청주시,취득세,271053534
2015,충북,충주시,취득세,57742416
2015,충북,제천시,취득세,34431160
2015,충북,보은군,취득세,8552579
2015,충북,옥천군,취득세,11620778
2015,충북,영동군,취득세,9519958
2015,충북,증평군,취득세,10876635
2015,충북,진천군,취득세,38254337
2015,충북,괴산군,취득세,10675453
2015,충북,음성군,취득세,57031493
2015,충북,단양군,취득세,6862747
2015,충북,청주시,주민세,26248458
2015,충북,충주시,주민세,4002152
2015,충북,제천시,주민세,2238293
2015,충북,보은군,주민세,798448
2015,충북,옥천군,주민세,847370
2015,충북,영동군,주민세,657774
2015,충북,증평군,주민세,951299
2015,충북,진천군,주민세,4916708
2015,충북,괴산군,주민세,719958
2015,충북,음성군,주민세,5785133
2015,충북,단양군,주민세,883397
2015,충북,청주시,지방소득세,202045646
2015,충북,충주시,지방소득세,29373155
2015,충북,제천시,지방소득세,14112289
2015,충북,보은군,지방소득세,3326807
2015,충북,옥천군,지방소득세,5343090
2015,충북,영동군,지방소득세,3358709
2015,충북,증평군,지방소득세,5579705
2015,충북,진천군,지방소득세,29429866
2015,충북,괴산군,지방소득세,4019677
2015,충북,음성군,지방소득세,31209115
2015,충북,단양군,지방소득세,4047778
2016,충북,청주시,취득세,264218382
2016,충북,충주시,취득세,68373372
2016,충북,제천시,취득세,38940598
2016,충북,보은군,취득세,8231301
2016,충북,옥천군,취득세,11995262
2016,충북,영동군,취득세,8430259
2016,충북,증평군,취득세,9514562
2016,충북,진천군,취득세,40630621
2016,충북,괴산군,취득세,11409581
2016,충북,음성군,취득세,59911515
2016,충북,단양군,취득세,6616526
2016,충북,청주시,주민세,28254224
2016,충북,충주시,주민세,4917076
2016,충북,제천시,주민세,2606373
2016,충북,보은군,주민세,860785
2016,충북,옥천군,주민세,1095346
2016,충북,영동군,주민세,803148
2016,충북,증평군,주민세,1003232
2016,충북,진천군,주민세,5603078
2016,충북,괴산군,주민세,804693
2016,충북,음성군,주민세,6669444
2016,충북,단양군,주민세,1029065
2016,충북,청주시,지방소득세,212158467
2016,충북,충주시,지방소득세,32734524
2016,충북,제천시,지방소득세,18210117
2016,충북,보은군,지방소득세,3868792
2016,충북,옥천군,지방소득세,6958404
2016,충북,영동군,지방소득세,4187222
2016,충북,증평군,지방소득세,6043244
2016,충북,진천군,지방소득세,32508370
2016,충북,괴산군,지방소득세,4595512
2016,충북,음성군,지방소득세,36982155
2016,충북,단양군,지방소득세,4789519
2014,충남,천안시,취득세,214053961
2014,충남,공주시,취득세,30389959
2014,충남,보령시,취득세,22833627
2014,충남,아산시,취득세,150329603
2014,충남,서산시,취득세,65858747
2014,충남,논산시,취득세,24758578
2014,충남,계룡시,취득세,5972572
2014,충남,당진시,취득세,74981160
2014,충남,금산군,취득세,13348776
2014,충남,부여군,취득세,11986644
2014,충남,서천군,취득세,11172986
2014,충남,청양군,취득세,5685901
2014,충남,홍성군,취득세,32139668
2014,충남,예산군,취득세,23828582
2014,충남,태안군,취득세,23126649
2014,충남,천안시,주민세,21624240
2014,충남,공주시,주민세,1862668
2014,충남,보령시,주민세,2229454
2014,충남,아산시,주민세,24174752
2014,충남,서산시,주민세,7535067
2014,충남,논산시,주민세,1721908
2014,충남,계룡시,주민세,214573
2014,충남,당진시,주민세,9858045
2014,충남,금산군,주민세,1575694
2014,충남,부여군,주민세,830986
2014,충남,서천군,주민세,1110565
2014,충남,청양군,주민세,423119
2014,충남,홍성군,주민세,1102385
2014,충남,예산군,주민세,1407457
2014,충남,태안군,주민세,1351322
2014,충남,천안시,지방소득세,112338408
2014,충남,공주시,지방소득세,16327790
2014,충남,보령시,지방소득세,8268818
2014,충남,아산시,지방소득세,152401436
2014,충남,서산시,지방소득세,45490243
2014,충남,논산시,지방소득세,8800080
2014,충남,계룡시,지방소득세,3172741
2014,충남,당진시,지방소득세,43017658
2014,충남,금산군,지방소득세,11781455
2014,충남,부여군,지방소득세,5689930
2014,충남,서천군,지방소득세,4092089
2014,충남,청양군,지방소득세,2028858
2014,충남,홍성군,지방소득세,8510948
2014,충남,예산군,지방소득세,7373676
2014,충남,태안군,지방소득세,5683135
2015,충남,천안시,취득세,262145153
2015,충남,공주시,취득세,29333883
2015,충남,보령시,취득세,31170847
2015,충남,아산시,취득세,128076056
2015,충남,서산시,취득세,73751556
2015,충남,논산시,취득세,28674873
2015,충남,계룡시,취득세,6978791
2015,충남,당진시,취득세,92161056
2015,충남,금산군,취득세,18164072
2015,충남,부여군,취득세,16444291
2015,충남,서천군,취득세,13759698
2015,충남,청양군,취득세,5856347
2015,충남,홍성군,취득세,37665496
2015,충남,예산군,취득세,26578102
2015,충남,태안군,취득세,32284164
2015,충남,천안시,주민세,21850115
2015,충남,공주시,주민세,1882263
2015,충남,보령시,주민세,2740928
2015,충남,아산시,주민세,24809422
2015,충남,서산시,주민세,8338674
2015,충남,논산시,주민세,1966307
2015,충남,계룡시,주민세,233974
2015,충남,당진시,주민세,10383651
2015,충남,금산군,주민세,1769542
2015,충남,부여군,주민세,877738
2015,충남,서천군,주민세,1242546
2015,충남,청양군,주민세,436583
2015,충남,홍성군,주민세,1289978
2015,충남,예산군,주민세,1466064
2015,충남,태안군,주민세,1714514
2015,충남,천안시,지방소득세,136520545
2015,충남,공주시,지방소득세,18750469
2015,충남,보령시,지방소득세,12516863
2015,충남,아산시,지방소득세,141353305
2015,충남,서산시,지방소득세,49924206
2015,충남,논산시,지방소득세,10484564
2015,충남,계룡시,지방소득세,4337022
2015,충남,당진시,지방소득세,51678301
2015,충남,금산군,지방소득세,13014080
2015,충남,부여군,지방소득세,6517419
2015,충남,서천군,지방소득세,5109916
2015,충남,청양군,지방소득세,3274689
2015,충남,홍성군,지방소득세,10098976
2015,충남,예산군,지방소득세,9449949
2015,충남,태안군,지방소득세,9767790
2016,충남,천안시,취득세,272956442
2016,충남,공주시,취득세,31478275
2016,충남,보령시,취득세,36193360
2016,충남,아산시,취득세,135948982
2016,충남,서산시,취득세,74563445
2016,충남,논산시,취득세,30079034
2016,충남,계룡시,취득세,8622743
2016,충남,당진시,취득세,108906160
2016,충남,금산군,취득세,15349966
2016,충남,부여군,취득세,13840705
2016,충남,서천군,취득세,13422316
2016,충남,청양군,취득세,6139195
2016,충남,홍성군,취득세,47613761
2016,충남,예산군,취득세,28335199
2016,충남,태안군,취득세,45098319
2016,충남,천안시,주민세,24289528
2016,충남,공주시,주민세,2529520
2016,충남,보령시,주민세,3058255
2016,충남,아산시,주민세,27119145
2016,충남,서산시,주민세,9346041
2016,충남,논산시,주민세,2448167
2016,충남,계룡시,주민세,350932
2016,충남,당진시,주민세,12401199
2016,충남,금산군,주민세,1967699
2016,충남,부여군,주민세,1199216
2016,충남,서천군,주민세,1492006
2016,충남,청양군,주민세,645878
2016,충남,홍성군,주민세,1636230
2016,충남,예산군,주민세,1911917
2016,충남,태안군,주민세,2435391
2016,충남,천안시,지방소득세,141781705
2016,충남,공주시,지방소득세,23402533
2016,충남,보령시,지방소득세,17402463
2016,충남,아산시,지방소득세,160208317
2016,충남,서산시,지방소득세,80408062
2016,충남,논산시,지방소득세,12138833
2016,충남,계룡시,지방소득세,5036060
2016,충남,당진시,지방소득세,65803548
2016,충남,금산군,지방소득세,12257442
2016,충남,부여군,지방소득세,7251179
2016,충남,서천군,지방소득세,6733937
2016,충남,청양군,지방소득세,3932436
2016,충남,홍성군,지방소득세,11692032
2016,충남,예산군,지방소득세,12231191
2016,충남,태안군,지방소득세,13063030
