범죄대분류,범죄중분류,도시,발생수,발생년도
강력범죄,살인기수,서울,46,2016
강력범죄,살인미수등,서울,100,2016
강력범죄,강도,서울,260,2016
강력범죄,강간,서울,1129,2016
강력범죄,유사강간,서울,123,2016
강력범죄,강제추행,서울,4667,2016
강력범죄,기타 강간  강제추행등,서울,72,2016
강력범죄,방화,서울,286,2016
절도범죄,절도범죄,서울,46861,2016
폭력범죄,상해,서울,6949,2016
폭력범죄,폭행,서울,39337,2016
폭력범죄,체포  감금,서울,268,2016
폭력범죄,협박,서울,3036,2016
폭력범죄,약취  유인,서울,35,2016
폭력범죄,폭력행위등,서울,2615,2016
폭력범죄,공갈,서울,694,2016
폭력범죄,손괴,서울,11667,2016
지능범죄,직무유기,서울,111,2016
지능범죄,직권남용,서울,129,2016
지능범죄,증수뢰,서울,45,2016
지능범죄,통화,서울,867,2016
지능범죄,문서  인장,서울,2932,2016
지능범죄,유가증권인지,서울,101,2016
지능범죄,사기,서울,51561,2016
지능범죄,횡령,서울,15367,2016
지능범죄,배임,서울,1024,2016
풍속범죄,성풍속범죄,서울,3498,2016
풍속범죄,도박범죄,서울,2149,2016
특별경제범죄,특별경제범죄,서울,17109,2016
마약범죄,마약범죄,서울,1449,2016
보건범죄,보건범죄,서울,3875,2016
환경범죄,환경범죄,서울,58,2016
교통범죄,교통범죄,서울,74270,2016
노동범죄,노동범죄,서울,509,2016
안보범죄,안보범죄,서울,19,2016
선거범죄,선거범죄,서울,180,2016
병역범죄,병역범죄,서울,4120,2016
기타범죄,기타범죄,서울,44407,2016
강력범죄,살인기수,부산,29,2016
강력범죄,살인미수등,부산,43,2016
강력범죄,강도,부산,137,2016
강력범죄,강간,부산,314,2016
강력범죄,유사강간,부산,28,2016
강력범죄,강제추행,부산,951,2016
강력범죄,기타 강간  강제추행등,부산,30,2016
강력범죄,방화,부산,98,2016
절도범죄,절도범죄,부산,16777,2016
폭력범죄,상해,부산,4637,2016
폭력범죄,폭행,부산,9749,2016
폭력범죄,체포  감금,부산,77,2016
폭력범죄,협박,부산,1031,2016
폭력범죄,약취  유인,부산,20,2016
폭력범죄,폭력행위등,부산,1052,2016
폭력범죄,공갈,부산,416,2016
폭력범죄,손괴,부산,3462,2016
지능범죄,직무유기,부산,64,2016
지능범죄,직권남용,부산,34,2016
지능범죄,증수뢰,부산,28,2016
지능범죄,통화,부산,53,2016
지능범죄,문서  인장,부산,1212,2016
지능범죄,유가증권인지,부산,6,2016
지능범죄,사기,부산,20372,2016
지능범죄,횡령,부산,2971,2016
지능범죄,배임,부산,312,2016
풍속범죄,성풍속범죄,부산,1064,2016
풍속범죄,도박범죄,부산,1137,2016
특별경제범죄,특별경제범죄,부산,8134,2016
마약범죄,마약범죄,부산,963,2016
보건범죄,보건범죄,부산,2365,2016
환경범죄,환경범죄,부산,223,2016
교통범죄,교통범죄,부산,32944,2016
노동범죄,노동범죄,부산,209,2016
안보범죄,안보범죄,부산,6,2016
선거범죄,선거범죄,부산,60,2016
병역범죄,병역범죄,부산,662,2016
기타범죄,기타범죄,부산,22296,2016
강력범죄,살인기수,대구,17,2016
강력범죄,살인미수등,대구,12,2016
강력범죄,강도,대구,51,2016
강력범죄,강간,대구,197,2016
강력범죄,유사강간,대구,37,2016
강력범죄,강제추행,대구,632,2016
강력범죄,기타 강간  강제추행등,대구,14,2016
강력범죄,방화,대구,68,2016
절도범죄,절도범죄,대구,9171,2016
폭력범죄,상해,대구,2863,2016
폭력범죄,폭행,대구,7457,2016
폭력범죄,체포  감금,대구,47,2016
폭력범죄,협박,대구,600,2016
폭력범죄,약취  유인,대구,8,2016
폭력범죄,폭력행위등,대구,534,2016
폭력범죄,공갈,대구,192,2016
폭력범죄,손괴,대구,2856,2016
지능범죄,직무유기,대구,31,2016
지능범죄,직권남용,대구,23,2016
지능범죄,증수뢰,대구,9,2016
지능범죄,통화,대구,39,2016
지능범죄,문서  인장,대구,558,2016
지능범죄,유가증권인지,대구,4,2016
지능범죄,사기,대구,10547,2016
지능범죄,횡령,대구,1892,2016
지능범죄,배임,대구,124,2016
풍속범죄,성풍속범죄,대구,643,2016
풍속범죄,도박범죄,대구,943,2016
특별경제범죄,특별경제범죄,대구,2756,2016
마약범죄,마약범죄,대구,334,2016
보건범죄,보건범죄,대구,289,2016
환경범죄,환경범죄,대구,11,2016
교통범죄,교통범죄,대구,31682,2016
노동범죄,노동범죄,대구,96,2016
안보범죄,안보범죄,대구,2,2016
선거범죄,선거범죄,대구,28,2016
병역범죄,병역범죄,대구,615,2016
기타범죄,기타범죄,대구,10712,2016
강력범죄,살인기수,인천,20,2016
강력범죄,살인미수등,인천,28,2016
강력범죄,강도,인천,88,2016
강력범죄,강간,인천,347,2016
강력범죄,유사강간,인천,47,2016
강력범죄,강제추행,인천,1176,2016
강력범죄,기타 강간  강제추행등,인천,27,2016
강력범죄,방화,인천,84,2016
절도범죄,절도범죄,인천,10025,2016
폭력범죄,상해,인천,2289,2016
폭력범죄,폭행,인천,11762,2016
폭력범죄,체포  감금,인천,132,2016
폭력범죄,협박,인천,870,2016
폭력범죄,약취  유인,인천,10,2016
폭력범죄,폭력행위등,인천,899,2016
폭력범죄,공갈,인천,255,2016
폭력범죄,손괴,인천,3664,2016
지능범죄,직무유기,인천,13,2016
지능범죄,직권남용,인천,15,2016
지능범죄,증수뢰,인천,12,2016
지능범죄,통화,인천,131,2016
지능범죄,문서  인장,인천,668,2016
지능범죄,유가증권인지,인천,12,2016
지능범죄,사기,인천,13175,2016
지능범죄,횡령,인천,2997,2016
지능범죄,배임,인천,225,2016
풍속범죄,성풍속범죄,인천,1228,2016
풍속범죄,도박범죄,인천,483,2016
특별경제범죄,특별경제범죄,인천,3741,2016
마약범죄,마약범죄,인천,641,2016
보건범죄,보건범죄,인천,957,2016
환경범죄,환경범죄,인천,85,2016
교통범죄,교통범죄,인천,30972,2016
노동범죄,노동범죄,인천,80,2016
안보범죄,안보범죄,인천,4,2016
선거범죄,선거범죄,인천,64,2016
병역범죄,병역범죄,인천,1281,2016
기타범죄,기타범죄,인천,14952,2016
강력범죄,살인기수,광주,9,2016
강력범죄,살인미수등,광주,8,2016
강력범죄,강도,광주,47,2016
강력범죄,강간,광주,170,2016
강력범죄,유사강간,광주,21,2016
강력범죄,강제추행,광주,488,2016
강력범죄,기타 강간  강제추행등,광주,15,2016
강력범죄,방화,광주,38,2016
절도범죄,절도범죄,광주,6050,2016
폭력범죄,상해,광주,1309,2016
폭력범죄,폭행,광주,4797,2016
폭력범죄,체포  감금,광주,43,2016
폭력범죄,협박,광주,400,2016
폭력범죄,약취  유인,광주,8,2016
폭력범죄,폭력행위등,광주,389,2016
폭력범죄,공갈,광주,114,2016
폭력범죄,손괴,광주,1550,2016
지능범죄,직무유기,광주,20,2016
지능범죄,직권남용,광주,8,2016
지능범죄,증수뢰,광주,9,2016
지능범죄,통화,광주,19,2016
지능범죄,문서  인장,광주,444,2016
지능범죄,유가증권인지,광주,6,2016
지능범죄,사기,광주,6753,2016
지능범죄,횡령,광주,1516,2016
지능범죄,배임,광주,121,2016
풍속범죄,성풍속범죄,광주,266,2016
풍속범죄,도박범죄,광주,401,2016
특별경제범죄,특별경제범죄,광주,1616,2016
마약범죄,마약범죄,광주,75,2016
보건범죄,보건범죄,광주,249,2016
환경범죄,환경범죄,광주,8,2016
교통범죄,교통범죄,광주,22137,2016
노동범죄,노동범죄,광주,29,2016
안보범죄,안보범죄,광주,8,2016
선거범죄,선거범죄,광주,7,2016
병역범죄,병역범죄,광주,330,2016
기타범죄,기타범죄,광주,4809,2016
강력범죄,살인기수,대전,16,2016
강력범죄,살인미수등,대전,9,2016
강력범죄,강도,대전,35,2016
강력범죄,강간,대전,171,2016
강력범죄,유사강간,대전,14,2016
강력범죄,강제추행,대전,420,2016
강력범죄,기타 강간  강제추행등,대전,15,2016
강력범죄,방화,대전,44,2016
절도범죄,절도범죄,대전,6981,2016
폭력범죄,상해,대전,1415,2016
폭력범죄,폭행,대전,5121,2016
폭력범죄,체포  감금,대전,30,2016
폭력범죄,협박,대전,528,2016
폭력범죄,약취  유인,대전,4,2016
폭력범죄,폭력행위등,대전,418,2016
폭력범죄,공갈,대전,130,2016
폭력범죄,손괴,대전,1537,2016
지능범죄,직무유기,대전,10,2016
지능범죄,직권남용,대전,15,2016
지능범죄,증수뢰,대전,6,2016
지능범죄,통화,대전,78,2016
지능범죄,문서  인장,대전,403,2016
지능범죄,유가증권인지,대전,2,2016
지능범죄,사기,대전,7065,2016
지능범죄,횡령,대전,1328,2016
지능범죄,배임,대전,72,2016
풍속범죄,성풍속범죄,대전,336,2016
풍속범죄,도박범죄,대전,560,2016
특별경제범죄,특별경제범죄,대전,1465,2016
마약범죄,마약범죄,대전,117,2016
보건범죄,보건범죄,대전,213,2016
환경범죄,환경범죄,대전,14,2016
교통범죄,교통범죄,대전,14524,2016
노동범죄,노동범죄,대전,96,2016
안보범죄,안보범죄,대전,1,2016
선거범죄,선거범죄,대전,17,2016
병역범죄,병역범죄,대전,555,2016
기타범죄,기타범죄,대전,5268,2016
강력범죄,살인기수,울산,7,2016
강력범죄,살인미수등,울산,15,2016
강력범죄,강도,울산,33,2016
강력범죄,강간,울산,112,2016
강력범죄,유사강간,울산,16,2016
강력범죄,강제추행,울산,293,2016
강력범죄,기타 강간  강제추행등,울산,9,2016
강력범죄,방화,울산,38,2016
절도범죄,절도범죄,울산,4227,2016
폭력범죄,상해,울산,1422,2016
폭력범죄,폭행,울산,4026,2016
폭력범죄,체포  감금,울산,28,2016
폭력범죄,협박,울산,461,2016
폭력범죄,약취  유인,울산,3,2016
폭력범죄,폭력행위등,울산,268,2016
폭력범죄,공갈,울산,95,2016
폭력범죄,손괴,울산,1500,2016
지능범죄,직무유기,울산,9,2016
지능범죄,직권남용,울산,13,2016
지능범죄,증수뢰,울산,6,2016
지능범죄,통화,울산,19,2016
지능범죄,문서  인장,울산,279,2016
지능범죄,유가증권인지,울산,0,2016
지능범죄,사기,울산,4873,2016
지능범죄,횡령,울산,827,2016
지능범죄,배임,울산,94,2016
풍속범죄,성풍속범죄,울산,174,2016
풍속범죄,도박범죄,울산,752,2016
특별경제범죄,특별경제범죄,울산,1159,2016
마약범죄,마약범죄,울산,78,2016
보건범죄,보건범죄,울산,226,2016
환경범죄,환경범죄,울산,47,2016
교통범죄,교통범죄,울산,14105,2016
노동범죄,노동범죄,울산,75,2016
안보범죄,안보범죄,울산,2,2016
선거범죄,선거범죄,울산,33,2016
병역범죄,병역범죄,울산,222,2016
기타범죄,기타범죄,울산,4784,2016
강력범죄,살인기수,경기 부천,6,2016
강력범죄,살인미수등,경기 부천,11,2016
강력범죄,강도,경기 부천,17,2016
강력범죄,강간,경기 부천,108,2016
강력범죄,유사강간,경기 부천,15,2016
강력범죄,강제추행,경기 부천,339,2016
강력범죄,기타 강간  강제추행등,경기 부천,10,2016
강력범죄,방화,경기 부천,24,2016
절도범죄,절도범죄,경기 부천,4471,2016
폭력범죄,상해,경기 부천,560,2016
폭력범죄,폭행,경기 부천,3398,2016
폭력범죄,체포  감금,경기 부천,23,2016
폭력범죄,협박,경기 부천,319,2016
폭력범죄,약취  유인,경기 부천,2,2016
폭력범죄,폭력행위등,경기 부천,226,2016
폭력범죄,공갈,경기 부천,87,2016
폭력범죄,손괴,경기 부천,1221,2016
지능범죄,직무유기,경기 부천,6,2016
지능범죄,직권남용,경기 부천,3,2016
지능범죄,증수뢰,경기 부천,4,2016
지능범죄,통화,경기 부천,16,2016
지능범죄,문서  인장,경기 부천,228,2016
지능범죄,유가증권인지,경기 부천,6,2016
지능범죄,사기,경기 부천,5094,2016
지능범죄,횡령,경기 부천,1028,2016
지능범죄,배임,경기 부천,66,2016
풍속범죄,성풍속범죄,경기 부천,225,2016
풍속범죄,도박범죄,경기 부천,185,2016
특별경제범죄,특별경제범죄,경기 부천,1054,2016
마약범죄,마약범죄,경기 부천,80,2016
보건범죄,보건범죄,경기 부천,132,2016
환경범죄,환경범죄,경기 부천,19,2016
교통범죄,교통범죄,경기 부천,10437,2016
노동범죄,노동범죄,경기 부천,54,2016
안보범죄,안보범죄,경기 부천,2,2016
선거범죄,선거범죄,경기 부천,12,2016
병역범죄,병역범죄,경기 부천,311,2016
기타범죄,기타범죄,경기 부천,6287,2016
강력범죄,살인기수,경기 성남,5,2016
강력범죄,살인미수등,경기 성남,4,2016
강력범죄,강도,경기 성남,17,2016
강력범죄,강간,경기 성남,114,2016
강력범죄,유사강간,경기 성남,10,2016
강력범죄,강제추행,경기 성남,348,2016
강력범죄,기타 강간  강제추행등,경기 성남,6,2016
강력범죄,방화,경기 성남,21,2016
절도범죄,절도범죄,경기 성남,3963,2016
폭력범죄,상해,경기 성남,755,2016
폭력범죄,폭행,경기 성남,3115,2016
폭력범죄,체포  감금,경기 성남,11,2016
폭력범죄,협박,경기 성남,340,2016
폭력범죄,약취  유인,경기 성남,5,2016
폭력범죄,폭력행위등,경기 성남,222,2016
폭력범죄,공갈,경기 성남,47,2016
폭력범죄,손괴,경기 성남,1058,2016
지능범죄,직무유기,경기 성남,6,2016
지능범죄,직권남용,경기 성남,15,2016
지능범죄,증수뢰,경기 성남,1,2016
지능범죄,통화,경기 성남,61,2016
지능범죄,문서  인장,경기 성남,210,2016
지능범죄,유가증권인지,경기 성남,1,2016
지능범죄,사기,경기 성남,4090,2016
지능범죄,횡령,경기 성남,1110,2016
지능범죄,배임,경기 성남,76,2016
풍속범죄,성풍속범죄,경기 성남,350,2016
풍속범죄,도박범죄,경기 성남,248,2016
특별경제범죄,특별경제범죄,경기 성남,1459,2016
마약범죄,마약범죄,경기 성남,66,2016
보건범죄,보건범죄,경기 성남,204,2016
환경범죄,환경범죄,경기 성남,13,2016
교통범죄,교통범죄,경기 성남,12472,2016
노동범죄,노동범죄,경기 성남,25,2016
안보범죄,안보범죄,경기 성남,2,2016
선거범죄,선거범죄,경기 성남,11,2016
병역범죄,병역범죄,경기 성남,314,2016
기타범죄,기타범죄,경기 성남,6863,2016
강력범죄,살인기수,경기 수원,10,2016
강력범죄,살인미수등,경기 수원,19,2016
강력범죄,강도,경기 수원,26,2016
강력범죄,강간,경기 수원,124,2016
강력범죄,유사강간,경기 수원,24,2016
강력범죄,강제추행,경기 수원,408,2016
강력범죄,기타 강간  강제추행등,경기 수원,14,2016
강력범죄,방화,경기 수원,29,2016
절도범죄,절도범죄,경기 수원,5610,2016
폭력범죄,상해,경기 수원,951,2016
폭력범죄,폭행,경기 수원,4326,2016
폭력범죄,체포  감금,경기 수원,26,2016
폭력범죄,협박,경기 수원,493,2016
폭력범죄,약취  유인,경기 수원,5,2016
폭력범죄,폭력행위등,경기 수원,437,2016
폭력범죄,공갈,경기 수원,85,2016
폭력범죄,손괴,경기 수원,1560,2016
지능범죄,직무유기,경기 수원,7,2016
지능범죄,직권남용,경기 수원,17,2016
지능범죄,증수뢰,경기 수원,2,2016
지능범죄,통화,경기 수원,45,2016
지능범죄,문서  인장,경기 수원,298,2016
지능범죄,유가증권인지,경기 수원,4,2016
지능범죄,사기,경기 수원,5517,2016
지능범죄,횡령,경기 수원,1211,2016
지능범죄,배임,경기 수원,76,2016
풍속범죄,성풍속범죄,경기 수원,394,2016
풍속범죄,도박범죄,경기 수원,290,2016
특별경제범죄,특별경제범죄,경기 수원,1402,2016
마약범죄,마약범죄,경기 수원,95,2016
보건범죄,보건범죄,경기 수원,324,2016
환경범죄,환경범죄,경기 수원,20,2016
교통범죄,교통범죄,경기 수원,17841,2016
노동범죄,노동범죄,경기 수원,59,2016
안보범죄,안보범죄,경기 수원,5,2016
선거범죄,선거범죄,경기 수원,17,2016
병역범죄,병역범죄,경기 수원,415,2016
기타범죄,기타범죄,경기 수원,8542,2016
강력범죄,살인기수,경기 안양,6,2016
강력범죄,살인미수등,경기 안양,4,2016
강력범죄,강도,경기 안양,7,2016
강력범죄,강간,경기 안양,45,2016
강력범죄,유사강간,경기 안양,4,2016
강력범죄,강제추행,경기 안양,220,2016
강력범죄,기타 강간  강제추행등,경기 안양,3,2016
강력범죄,방화,경기 안양,9,2016
절도범죄,절도범죄,경기 안양,2003,2016
폭력범죄,상해,경기 안양,458,2016
폭력범죄,폭행,경기 안양,2192,2016
폭력범죄,체포  감금,경기 안양,10,2016
폭력범죄,협박,경기 안양,202,2016
폭력범죄,약취  유인,경기 안양,3,2016
폭력범죄,폭력행위등,경기 안양,188,2016
폭력범죄,공갈,경기 안양,32,2016
폭력범죄,손괴,경기 안양,644,2016
지능범죄,직무유기,경기 안양,5,2016
지능범죄,직권남용,경기 안양,8,2016
지능범죄,증수뢰,경기 안양,3,2016
지능범죄,통화,경기 안양,20,2016
지능범죄,문서  인장,경기 안양,113,2016
지능범죄,유가증권인지,경기 안양,1,2016
지능범죄,사기,경기 안양,2208,2016
지능범죄,횡령,경기 안양,733,2016
지능범죄,배임,경기 안양,23,2016
풍속범죄,성풍속범죄,경기 안양,276,2016
풍속범죄,도박범죄,경기 안양,257,2016
특별경제범죄,특별경제범죄,경기 안양,746,2016
마약범죄,마약범죄,경기 안양,35,2016
보건범죄,보건범죄,경기 안양,113,2016
환경범죄,환경범죄,경기 안양,8,2016
교통범죄,교통범죄,경기 안양,5789,2016
노동범죄,노동범죄,경기 안양,359,2016
안보범죄,안보범죄,경기 안양,0,2016
선거범죄,선거범죄,경기 안양,5,2016
병역범죄,병역범죄,경기 안양,135,2016
기타범죄,기타범죄,경기 안양,2876,2016
강력범죄,살인기수,전북 전주,3,2016
강력범죄,살인미수등,전북 전주,7,2016
강력범죄,강도,전북 전주,12,2016
강력범죄,강간,전북 전주,62,2016
강력범죄,유사강간,전북 전주,7,2016
강력범죄,강제추행,전북 전주,165,2016
강력범죄,기타 강간  강제추행등,전북 전주,6,2016
강력범죄,방화,전북 전주,12,2016
절도범죄,절도범죄,전북 전주,2386,2016
폭력범죄,상해,전북 전주,499,2016
폭력범죄,폭행,전북 전주,1724,2016
폭력범죄,체포  감금,전북 전주,15,2016
폭력범죄,협박,전북 전주,131,2016
폭력범죄,약취  유인,전북 전주,4,2016
폭력범죄,폭력행위등,전북 전주,185,2016
폭력범죄,공갈,전북 전주,30,2016
폭력범죄,손괴,전북 전주,499,2016
지능범죄,직무유기,전북 전주,5,2016
지능범죄,직권남용,전북 전주,4,2016
지능범죄,증수뢰,전북 전주,5,2016
지능범죄,통화,전북 전주,3,2016
지능범죄,문서  인장,전북 전주,226,2016
지능범죄,유가증권인지,전북 전주,1,2016
지능범죄,사기,전북 전주,2916,2016
지능범죄,횡령,전북 전주,361,2016
지능범죄,배임,전북 전주,46,2016
풍속범죄,성풍속범죄,전북 전주,109,2016
풍속범죄,도박범죄,전북 전주,236,2016
특별경제범죄,특별경제범죄,전북 전주,420,2016
마약범죄,마약범죄,전북 전주,44,2016
보건범죄,보건범죄,전북 전주,155,2016
환경범죄,환경범죄,전북 전주,5,2016
교통범죄,교통범죄,전북 전주,5580,2016
노동범죄,노동범죄,전북 전주,20,2016
안보범죄,안보범죄,전북 전주,0,2016
선거범죄,선거범죄,전북 전주,22,2016
병역범죄,병역범죄,전북 전주,161,2016
기타범죄,기타범죄,전북 전주,2871,2016
강력범죄,살인기수,충북 청주,1,2016
강력범죄,살인미수등,충북 청주,6,2016
강력범죄,강도,충북 청주,17,2016
강력범죄,강간,충북 청주,85,2016
강력범죄,유사강간,충북 청주,13,2016
강력범죄,강제추행,충북 청주,222,2016
강력범죄,기타 강간  강제추행등,충북 청주,3,2016
강력범죄,방화,충북 청주,23,2016
절도범죄,절도범죄,충북 청주,3711,2016
폭력범죄,상해,충북 청주,835,2016
폭력범죄,폭행,충북 청주,3068,2016
폭력범죄,체포  감금,충북 청주,23,2016
폭력범죄,협박,충북 청주,289,2016
폭력범죄,약취  유인,충북 청주,0,2016
폭력범죄,폭력행위등,충북 청주,188,2016
폭력범죄,공갈,충북 청주,43,2016
폭력범죄,손괴,충북 청주,1104,2016
지능범죄,직무유기,충북 청주,8,2016
지능범죄,직권남용,충북 청주,4,2016
지능범죄,증수뢰,충북 청주,6,2016
지능범죄,통화,충북 청주,16,2016
지능범죄,문서  인장,충북 청주,229,2016
지능범죄,유가증권인지,충북 청주,1,2016
지능범죄,사기,충북 청주,3335,2016
지능범죄,횡령,충북 청주,555,2016
지능범죄,배임,충북 청주,37,2016
풍속범죄,성풍속범죄,충북 청주,151,2016
풍속범죄,도박범죄,충북 청주,246,2016
특별경제범죄,특별경제범죄,충북 청주,682,2016
마약범죄,마약범죄,충북 청주,151,2016
보건범죄,보건범죄,충북 청주,121,2016
환경범죄,환경범죄,충북 청주,8,2016
교통범죄,교통범죄,충북 청주,10373,2016
노동범죄,노동범죄,충북 청주,19,2016
안보범죄,안보범죄,충북 청주,1,2016
선거범죄,선거범죄,충북 청주,6,2016
병역범죄,병역범죄,충북 청주,315,2016
기타범죄,기타범죄,충북 청주,3713,2016
강력범죄,살인기수,경남 창원,3,2016
강력범죄,살인미수등,경남 창원,15,2016
강력범죄,강도,경남 창원,26,2016
강력범죄,강간,경남 창원,68,2016
강력범죄,유사강간,경남 창원,7,2016
강력범죄,강제추행,경남 창원,202,2016
강력범죄,기타 강간  강제추행등,경남 창원,7,2016
강력범죄,방화,경남 창원,29,2016
절도범죄,절도범죄,경남 창원,3760,2016
폭력범죄,상해,경남 창원,1243,2016
폭력범죄,폭행,경남 창원,2736,2016
폭력범죄,체포  감금,경남 창원,16,2016
폭력범죄,협박,경남 창원,208,2016
폭력범죄,약취  유인,경남 창원,1,2016
폭력범죄,폭력행위등,경남 창원,272,2016
폭력범죄,공갈,경남 창원,60,2016
폭력범죄,손괴,경남 창원,1079,2016
지능범죄,직무유기,경남 창원,12,2016
지능범죄,직권남용,경남 창원,3,2016
지능범죄,증수뢰,경남 창원,5,2016
지능범죄,통화,경남 창원,13,2016
지능범죄,문서  인장,경남 창원,237,2016
지능범죄,유가증권인지,경남 창원,1,2016
지능범죄,사기,경남 창원,5568,2016
지능범죄,횡령,경남 창원,765,2016
지능범죄,배임,경남 창원,78,2016
풍속범죄,성풍속범죄,경남 창원,188,2016
풍속범죄,도박범죄,경남 창원,309,2016
특별경제범죄,특별경제범죄,경남 창원,997,2016
마약범죄,마약범죄,경남 창원,164,2016
보건범죄,보건범죄,경남 창원,261,2016
환경범죄,환경범죄,경남 창원,69,2016
교통범죄,교통범죄,경남 창원,12594,2016
노동범죄,노동범죄,경남 창원,78,2016
안보범죄,안보범죄,경남 창원,4,2016
선거범죄,선거범죄,경남 창원,23,2016
병역범죄,병역범죄,경남 창원,292,2016
기타범죄,기타범죄,경남 창원,4535,2016
강력범죄,살인기수,제주,4,2016
강력범죄,살인미수등,제주,12,2016
강력범죄,강도,제주,25,2016
강력범죄,강간,제주,84,2016
강력범죄,유사강간,제주,16,2016
강력범죄,강제추행,제주,318,2016
강력범죄,기타 강간  강제추행등,제주,8,2016
강력범죄,방화,제주,26,2016
절도범죄,절도범죄,제주,3500,2016
폭력범죄,상해,제주,982,2016
폭력범죄,폭행,제주,3112,2016
폭력범죄,체포  감금,제주,18,2016
폭력범죄,협박,제주,360,2016
폭력범죄,약취  유인,제주,4,2016
폭력범죄,폭력행위등,제주,211,2016
폭력범죄,공갈,제주,59,2016
폭력범죄,손괴,제주,1357,2016
지능범죄,직무유기,제주,1,2016
지능범죄,직권남용,제주,5,2016
지능범죄,증수뢰,제주,4,2016
지능범죄,통화,제주,16,2016
지능범죄,문서  인장,제주,172,2016
지능범죄,유가증권인지,제주,0,2016
지능범죄,사기,제주,2116,2016
지능범죄,횡령,제주,717,2016
지능범죄,배임,제주,32,2016
풍속범죄,성풍속범죄,제주,192,2016
풍속범죄,도박범죄,제주,291,2016
특별경제범죄,특별경제범죄,제주,1356,2016
마약범죄,마약범죄,제주,39,2016
보건범죄,보건범죄,제주,114,2016
환경범죄,환경범죄,제주,28,2016
교통범죄,교통범죄,제주,15702,2016
노동범죄,노동범죄,제주,11,2016
안보범죄,안보범죄,제주,2,2016
선거범죄,선거범죄,제주,17,2016
병역범죄,병역범죄,제주,229,2016
기타범죄,기타범죄,제주,4745,2016
강력범죄,살인기수,경기 고양,6,2016
강력범죄,살인미수등,경기 고양,5,2016
강력범죄,강도,경기 고양,11,2016
강력범죄,강간,경기 고양,83,2016
강력범죄,유사강간,경기 고양,4,2016
강력범죄,강제추행,경기 고양,247,2016
강력범죄,기타 강간  강제추행등,경기 고양,4,2016
강력범죄,방화,경기 고양,22,2016
절도범죄,절도범죄,경기 고양,2606,2016
폭력범죄,상해,경기 고양,555,2016
폭력범죄,폭행,경기 고양,2685,2016
폭력범죄,체포  감금,경기 고양,19,2016
폭력범죄,협박,경기 고양,271,2016
폭력범죄,약취  유인,경기 고양,4,2016
폭력범죄,폭력행위등,경기 고양,195,2016
폭력범죄,공갈,경기 고양,46,2016
폭력범죄,손괴,경기 고양,894,2016
지능범죄,직무유기,경기 고양,7,2016
지능범죄,직권남용,경기 고양,9,2016
지능범죄,증수뢰,경기 고양,3,2016
지능범죄,통화,경기 고양,36,2016
지능범죄,문서  인장,경기 고양,198,2016
지능범죄,유가증권인지,경기 고양,3,2016
지능범죄,사기,경기 고양,3795,2016
지능범죄,횡령,경기 고양,1185,2016
지능범죄,배임,경기 고양,71,2016
풍속범죄,성풍속범죄,경기 고양,223,2016
풍속범죄,도박범죄,경기 고양,128,2016
특별경제범죄,특별경제범죄,경기 고양,1010,2016
마약범죄,마약범죄,경기 고양,92,2016
보건범죄,보건범죄,경기 고양,214,2016
환경범죄,환경범죄,경기 고양,41,2016
교통범죄,교통범죄,경기 고양,12280,2016
노동범죄,노동범죄,경기 고양,47,2016
안보범죄,안보범죄,경기 고양,2,2016
선거범죄,선거범죄,경기 고양,10,2016
병역범죄,병역범죄,경기 고양,347,2016
기타범죄,기타범죄,경기 고양,4025,2016
강력범죄,살인기수,경남 진주,2,2016
강력범죄,살인미수등,경남 진주,3,2016
강력범죄,강도,경남 진주,6,2016
강력범죄,강간,경남 진주,32,2016
강력범죄,유사강간,경남 진주,1,2016
강력범죄,강제추행,경남 진주,74,2016
강력범죄,기타 강간  강제추행등,경남 진주,3,2016
강력범죄,방화,경남 진주,6,2016
절도범죄,절도범죄,경남 진주,1700,2016
폭력범죄,상해,경남 진주,395,2016
폭력범죄,폭행,경남 진주,808,2016
폭력범죄,체포  감금,경남 진주,7,2016
폭력범죄,협박,경남 진주,93,2016
폭력범죄,약취  유인,경남 진주,0,2016
폭력범죄,폭력행위등,경남 진주,56,2016
폭력범죄,공갈,경남 진주,44,2016
폭력범죄,손괴,경남 진주,349,2016
지능범죄,직무유기,경남 진주,2,2016
지능범죄,직권남용,경남 진주,3,2016
지능범죄,증수뢰,경남 진주,4,2016
지능범죄,통화,경남 진주,1,2016
지능범죄,문서  인장,경남 진주,77,2016
지능범죄,유가증권인지,경남 진주,1,2016
지능범죄,사기,경남 진주,1312,2016
지능범죄,횡령,경남 진주,127,2016
지능범죄,배임,경남 진주,34,2016
풍속범죄,성풍속범죄,경남 진주,46,2016
풍속범죄,도박범죄,경남 진주,52,2016
특별경제범죄,특별경제범죄,경남 진주,455,2016
마약범죄,마약범죄,경남 진주,128,2016
보건범죄,보건범죄,경남 진주,102,2016
환경범죄,환경범죄,경남 진주,46,2016
교통범죄,교통범죄,경남 진주,3749,2016
노동범죄,노동범죄,경남 진주,12,2016
안보범죄,안보범죄,경남 진주,0,2016
선거범죄,선거범죄,경남 진주,18,2016
병역범죄,병역범죄,경남 진주,80,2016
기타범죄,기타범죄,경남 진주,1349,2016
강력범죄,살인기수,경기 안산,4,2016
강력범죄,살인미수등,경기 안산,20,2016
강력범죄,강도,경기 안산,19,2016
강력범죄,강간,경기 안산,98,2016
강력범죄,유사강간,경기 안산,8,2016
강력범죄,강제추행,경기 안산,307,2016
강력범죄,기타 강간  강제추행등,경기 안산,3,2016
강력범죄,방화,경기 안산,32,2016
절도범죄,절도범죄,경기 안산,3285,2016
폭력범죄,상해,경기 안산,546,2016
폭력범죄,폭행,경기 안산,3284,2016
폭력범죄,체포  감금,경기 안산,18,2016
폭력범죄,협박,경기 안산,334,2016
폭력범죄,약취  유인,경기 안산,1,2016
폭력범죄,폭력행위등,경기 안산,253,2016
폭력범죄,공갈,경기 안산,60,2016
폭력범죄,손괴,경기 안산,1326,2016
지능범죄,직무유기,경기 안산,4,2016
지능범죄,직권남용,경기 안산,7,2016
지능범죄,증수뢰,경기 안산,1,2016
지능범죄,통화,경기 안산,16,2016
지능범죄,문서  인장,경기 안산,238,2016
지능범죄,유가증권인지,경기 안산,4,2016
지능범죄,사기,경기 안산,4221,2016
지능범죄,횡령,경기 안산,841,2016
지능범죄,배임,경기 안산,44,2016
풍속범죄,성풍속범죄,경기 안산,257,2016
풍속범죄,도박범죄,경기 안산,146,2016
특별경제범죄,특별경제범죄,경기 안산,1039,2016
마약범죄,마약범죄,경기 안산,110,2016
보건범죄,보건범죄,경기 안산,147,2016
환경범죄,환경범죄,경기 안산,106,2016
교통범죄,교통범죄,경기 안산,13356,2016
노동범죄,노동범죄,경기 안산,13,2016
안보범죄,안보범죄,경기 안산,0,2016
선거범죄,선거범죄,경기 안산,23,2016
병역범죄,병역범죄,경기 안산,268,2016
기타범죄,기타범죄,경기 안산,6007,2016
강력범죄,살인기수,경북 포항,5,2016
강력범죄,살인미수등,경북 포항,6,2016
강력범죄,강도,경북 포항,7,2016
강력범죄,강간,경북 포항,57,2016
강력범죄,유사강간,경북 포항,7,2016
강력범죄,강제추행,경북 포항,97,2016
강력범죄,기타 강간  강제추행등,경북 포항,3,2016
강력범죄,방화,경북 포항,10,2016
절도범죄,절도범죄,경북 포항,1942,2016
폭력범죄,상해,경북 포항,642,2016
폭력범죄,폭행,경북 포항,1172,2016
폭력범죄,체포  감금,경북 포항,12,2016
폭력범죄,협박,경북 포항,133,2016
폭력범죄,약취  유인,경북 포항,0,2016
폭력범죄,폭력행위등,경북 포항,130,2016
폭력범죄,공갈,경북 포항,63,2016
폭력범죄,손괴,경북 포항,527,2016
지능범죄,직무유기,경북 포항,0,2016
지능범죄,직권남용,경북 포항,0,2016
지능범죄,증수뢰,경북 포항,2,2016
지능범죄,통화,경북 포항,5,2016
지능범죄,문서  인장,경북 포항,91,2016
지능범죄,유가증권인지,경북 포항,2,2016
지능범죄,사기,경북 포항,2395,2016
지능범죄,횡령,경북 포항,262,2016
지능범죄,배임,경북 포항,25,2016
풍속범죄,성풍속범죄,경북 포항,64,2016
풍속범죄,도박범죄,경북 포항,118,2016
특별경제범죄,특별경제범죄,경북 포항,478,2016
마약범죄,마약범죄,경북 포항,16,2016
보건범죄,보건범죄,경북 포항,92,2016
환경범죄,환경범죄,경북 포항,53,2016
교통범죄,교통범죄,경북 포항,7488,2016
노동범죄,노동범죄,경북 포항,19,2016
안보범죄,안보범죄,경북 포항,0,2016
선거범죄,선거범죄,경북 포항,6,2016
병역범죄,병역범죄,경북 포항,137,2016
기타범죄,기타범죄,경북 포항,1828,2016
강력범죄,살인기수,경기 광명,1,2016
강력범죄,살인미수등,경기 광명,1,2016
강력범죄,강도,경기 광명,4,2016
강력범죄,강간,경기 광명,32,2016
강력범죄,유사강간,경기 광명,3,2016
강력범죄,강제추행,경기 광명,92,2016
강력범죄,기타 강간  강제추행등,경기 광명,2,2016
강력범죄,방화,경기 광명,8,2016
절도범죄,절도범죄,경기 광명,1221,2016
폭력범죄,상해,경기 광명,237,2016
폭력범죄,폭행,경기 광명,1320,2016
폭력범죄,체포  감금,경기 광명,8,2016
폭력범죄,협박,경기 광명,111,2016
폭력범죄,약취  유인,경기 광명,1,2016
폭력범죄,폭력행위등,경기 광명,97,2016
폭력범죄,공갈,경기 광명,14,2016
폭력범죄,손괴,경기 광명,290,2016
지능범죄,직무유기,경기 광명,2,2016
지능범죄,직권남용,경기 광명,0,2016
지능범죄,증수뢰,경기 광명,0,2016
지능범죄,통화,경기 광명,7,2016
지능범죄,문서  인장,경기 광명,47,2016
지능범죄,유가증권인지,경기 광명,3,2016
지능범죄,사기,경기 광명,1044,2016
지능범죄,횡령,경기 광명,373,2016
지능범죄,배임,경기 광명,25,2016
풍속범죄,성풍속범죄,경기 광명,74,2016
풍속범죄,도박범죄,경기 광명,70,2016
특별경제범죄,특별경제범죄,경기 광명,756,2016
마약범죄,마약범죄,경기 광명,26,2016
보건범죄,보건범죄,경기 광명,104,2016
환경범죄,환경범죄,경기 광명,10,2016
교통범죄,교통범죄,경기 광명,3141,2016
노동범죄,노동범죄,경기 광명,12,2016
안보범죄,안보범죄,경기 광명,0,2016
선거범죄,선거범죄,경기 광명,9,2016
병역범죄,병역범죄,경기 광명,63,2016
기타범죄,기타범죄,경기 광명,1476,2016
강력범죄,살인기수,전남 목포,1,2016
강력범죄,살인미수등,전남 목포,4,2016
강력범죄,강도,전남 목포,5,2016
강력범죄,강간,전남 목포,33,2016
강력범죄,유사강간,전남 목포,5,2016
강력범죄,강제추행,전남 목포,97,2016
강력범죄,기타 강간  강제추행등,전남 목포,5,2016
강력범죄,방화,전남 목포,15,2016
절도범죄,절도범죄,전남 목포,1196,2016
폭력범죄,상해,전남 목포,342,2016
폭력범죄,폭행,전남 목포,1240,2016
폭력범죄,체포  감금,전남 목포,13,2016
폭력범죄,협박,전남 목포,107,2016
폭력범죄,약취  유인,전남 목포,1,2016
폭력범죄,폭력행위등,전남 목포,90,2016
폭력범죄,공갈,전남 목포,25,2016
폭력범죄,손괴,전남 목포,354,2016
지능범죄,직무유기,전남 목포,2,2016
지능범죄,직권남용,전남 목포,0,2016
지능범죄,증수뢰,전남 목포,2,2016
지능범죄,통화,전남 목포,2,2016
지능범죄,문서  인장,전남 목포,67,2016
지능범죄,유가증권인지,전남 목포,0,2016
지능범죄,사기,전남 목포,1201,2016
지능범죄,횡령,전남 목포,210,2016
지능범죄,배임,전남 목포,21,2016
풍속범죄,성풍속범죄,전남 목포,31,2016
풍속범죄,도박범죄,전남 목포,89,2016
특별경제범죄,특별경제범죄,전남 목포,238,2016
마약범죄,마약범죄,전남 목포,19,2016
보건범죄,보건범죄,전남 목포,37,2016
환경범죄,환경범죄,전남 목포,24,2016
교통범죄,교통범죄,전남 목포,4356,2016
노동범죄,노동범죄,전남 목포,27,2016
안보범죄,안보범죄,전남 목포,0,2016
선거범죄,선거범죄,전남 목포,4,2016
병역범죄,병역범죄,전남 목포,98,2016
기타범죄,기타범죄,전남 목포,1758,2016
강력범죄,살인기수,경기 의정부,4,2016
강력범죄,살인미수등,경기 의정부,9,2016
강력범죄,강도,경기 의정부,17,2016
강력범죄,강간,경기 의정부,45,2016
강력범죄,유사강간,경기 의정부,6,2016
강력범죄,강제추행,경기 의정부,141,2016
강력범죄,기타 강간  강제추행등,경기 의정부,3,2016
강력범죄,방화,경기 의정부,17,2016
절도범죄,절도범죄,경기 의정부,1753,2016
폭력범죄,상해,경기 의정부,391,2016
폭력범죄,폭행,경기 의정부,1958,2016
폭력범죄,체포  감금,경기 의정부,22,2016
폭력범죄,협박,경기 의정부,168,2016
폭력범죄,약취  유인,경기 의정부,5,2016
폭력범죄,폭력행위등,경기 의정부,108,2016
폭력범죄,공갈,경기 의정부,22,2016
폭력범죄,손괴,경기 의정부,636,2016
지능범죄,직무유기,경기 의정부,2,2016
지능범죄,직권남용,경기 의정부,2,2016
지능범죄,증수뢰,경기 의정부,3,2016
지능범죄,통화,경기 의정부,22,2016
지능범죄,문서  인장,경기 의정부,124,2016
지능범죄,유가증권인지,경기 의정부,1,2016
지능범죄,사기,경기 의정부,1859,2016
지능범죄,횡령,경기 의정부,542,2016
지능범죄,배임,경기 의정부,18,2016
풍속범죄,성풍속범죄,경기 의정부,115,2016
풍속범죄,도박범죄,경기 의정부,73,2016
특별경제범죄,특별경제범죄,경기 의정부,562,2016
마약범죄,마약범죄,경기 의정부,117,2016
보건범죄,보건범죄,경기 의정부,108,2016
환경범죄,환경범죄,경기 의정부,7,2016
교통범죄,교통범죄,경기 의정부,3726,2016
노동범죄,노동범죄,경기 의정부,57,2016
안보범죄,안보범죄,경기 의정부,1,2016
선거범죄,선거범죄,경기 의정부,4,2016
병역범죄,병역범죄,경기 의정부,160,2016
기타범죄,기타범죄,경기 의정부,2064,2016
강력범죄,살인기수,전북 익산,4,2016
강력범죄,살인미수등,전북 익산,5,2016
강력범죄,강도,전북 익산,15,2016
강력범죄,강간,전북 익산,25,2016
강력범죄,유사강간,전북 익산,4,2016
강력범죄,강제추행,전북 익산,64,2016
강력범죄,기타 강간  강제추행등,전북 익산,3,2016
강력범죄,방화,전북 익산,13,2016
절도범죄,절도범죄,전북 익산,1153,2016
폭력범죄,상해,전북 익산,202,2016
폭력범죄,폭행,전북 익산,991,2016
폭력범죄,체포  감금,전북 익산,11,2016
폭력범죄,협박,전북 익산,72,2016
폭력범죄,약취  유인,전북 익산,0,2016
폭력범죄,폭력행위등,전북 익산,78,2016
폭력범죄,공갈,전북 익산,9,2016
폭력범죄,손괴,전북 익산,340,2016
지능범죄,직무유기,전북 익산,0,2016
지능범죄,직권남용,전북 익산,2,2016
지능범죄,증수뢰,전북 익산,1,2016
지능범죄,통화,전북 익산,4,2016
지능범죄,문서  인장,전북 익산,83,2016
지능범죄,유가증권인지,전북 익산,0,2016
지능범죄,사기,전북 익산,1239,2016
지능범죄,횡령,전북 익산,146,2016
지능범죄,배임,전북 익산,14,2016
풍속범죄,성풍속범죄,전북 익산,21,2016
풍속범죄,도박범죄,전북 익산,192,2016
특별경제범죄,특별경제범죄,전북 익산,214,2016
마약범죄,마약범죄,전북 익산,9,2016
보건범죄,보건범죄,전북 익산,68,2016
환경범죄,환경범죄,전북 익산,41,2016
교통범죄,교통범죄,전북 익산,3088,2016
노동범죄,노동범죄,전북 익산,4,2016
안보범죄,안보범죄,전북 익산,0,2016
선거범죄,선거범죄,전북 익산,19,2016
병역범죄,병역범죄,전북 익산,65,2016
기타범죄,기타범죄,전북 익산,1539,2016
강력범죄,살인기수,전북 군산,1,2016
강력범죄,살인미수등,전북 군산,2,2016
강력범죄,강도,전북 군산,8,2016
강력범죄,강간,전북 군산,19,2016
강력범죄,유사강간,전북 군산,2,2016
강력범죄,강제추행,전북 군산,50,2016
강력범죄,기타 강간  강제추행등,전북 군산,4,2016
강력범죄,방화,전북 군산,7,2016
절도범죄,절도범죄,전북 군산,1010,2016
폭력범죄,상해,전북 군산,342,2016
폭력범죄,폭행,전북 군산,885,2016
폭력범죄,체포  감금,전북 군산,10,2016
폭력범죄,협박,전북 군산,88,2016
폭력범죄,약취  유인,전북 군산,0,2016
폭력범죄,폭력행위등,전북 군산,122,2016
폭력범죄,공갈,전북 군산,18,2016
폭력범죄,손괴,전북 군산,308,2016
지능범죄,직무유기,전북 군산,5,2016
지능범죄,직권남용,전북 군산,1,2016
지능범죄,증수뢰,전북 군산,2,2016
지능범죄,통화,전북 군산,4,2016
지능범죄,문서  인장,전북 군산,67,2016
지능범죄,유가증권인지,전북 군산,0,2016
지능범죄,사기,전북 군산,2195,2016
지능범죄,횡령,전북 군산,172,2016
지능범죄,배임,전북 군산,28,2016
풍속범죄,성풍속범죄,전북 군산,39,2016
풍속범죄,도박범죄,전북 군산,190,2016
특별경제범죄,특별경제범죄,전북 군산,215,2016
마약범죄,마약범죄,전북 군산,10,2016
보건범죄,보건범죄,전북 군산,87,2016
환경범죄,환경범죄,전북 군산,17,2016
교통범죄,교통범죄,전북 군산,2834,2016
노동범죄,노동범죄,전북 군산,8,2016
안보범죄,안보범죄,전북 군산,1,2016
선거범죄,선거범죄,전북 군산,8,2016
병역범죄,병역범죄,전북 군산,89,2016
기타범죄,기타범죄,전북 군산,2014,2016
강력범죄,살인기수,경북 구미,1,2016
강력범죄,살인미수등,경북 구미,4,2016
강력범죄,강도,경북 구미,15,2016
강력범죄,강간,경북 구미,35,2016
강력범죄,유사강간,경북 구미,4,2016
강력범죄,강제추행,경북 구미,72,2016
강력범죄,기타 강간  강제추행등,경북 구미,1,2016
강력범죄,방화,경북 구미,9,2016
절도범죄,절도범죄,경북 구미,1562,2016
폭력범죄,상해,경북 구미,446,2016
폭력범죄,폭행,경북 구미,868,2016
폭력범죄,체포  감금,경북 구미,8,2016
폭력범죄,협박,경북 구미,125,2016
폭력범죄,약취  유인,경북 구미,3,2016
폭력범죄,폭력행위등,경북 구미,110,2016
폭력범죄,공갈,경북 구미,30,2016
폭력범죄,손괴,경북 구미,583,2016
지능범죄,직무유기,경북 구미,2,2016
지능범죄,직권남용,경북 구미,1,2016
지능범죄,증수뢰,경북 구미,1,2016
지능범죄,통화,경북 구미,6,2016
지능범죄,문서  인장,경북 구미,93,2016
지능범죄,유가증권인지,경북 구미,1,2016
지능범죄,사기,경북 구미,2621,2016
지능범죄,횡령,경북 구미,330,2016
지능범죄,배임,경북 구미,36,2016
풍속범죄,성풍속범죄,경북 구미,68,2016
풍속범죄,도박범죄,경북 구미,221,2016
특별경제범죄,특별경제범죄,경북 구미,386,2016
마약범죄,마약범죄,경북 구미,39,2016
보건범죄,보건범죄,경북 구미,78,2016
환경범죄,환경범죄,경북 구미,29,2016
교통범죄,교통범죄,경북 구미,8552,2016
노동범죄,노동범죄,경북 구미,21,2016
안보범죄,안보범죄,경북 구미,0,2016
선거범죄,선거범죄,경북 구미,10,2016
병역범죄,병역범죄,경북 구미,199,2016
기타범죄,기타범죄,경북 구미,1414,2016
강력범죄,살인기수,충남 천안,4,2016
강력범죄,살인미수등,충남 천안,11,2016
강력범죄,강도,충남 천안,8,2016
강력범죄,강간,충남 천안,76,2016
강력범죄,유사강간,충남 천안,5,2016
강력범죄,강제추행,충남 천안,208,2016
강력범죄,기타 강간  강제추행등,충남 천안,5,2016
강력범죄,방화,충남 천안,30,2016
절도범죄,절도범죄,충남 천안,3277,2016
폭력범죄,상해,충남 천안,613,2016
폭력범죄,폭행,충남 천안,1606,2016
폭력범죄,체포  감금,충남 천안,14,2016
폭력범죄,협박,충남 천안,216,2016
폭력범죄,약취  유인,충남 천안,3,2016
폭력범죄,폭력행위등,충남 천안,188,2016
폭력범죄,공갈,충남 천안,60,2016
폭력범죄,손괴,충남 천안,897,2016
지능범죄,직무유기,충남 천안,5,2016
지능범죄,직권남용,충남 천안,9,2016
지능범죄,증수뢰,충남 천안,2,2016
지능범죄,통화,충남 천안,19,2016
지능범죄,문서  인장,충남 천안,133,2016
지능범죄,유가증권인지,충남 천안,0,2016
지능범죄,사기,충남 천안,3248,2016
지능범죄,횡령,충남 천안,608,2016
지능범죄,배임,충남 천안,35,2016
풍속범죄,성풍속범죄,충남 천안,157,2016
풍속범죄,도박범죄,충남 천안,127,2016
특별경제범죄,특별경제범죄,충남 천안,724,2016
마약범죄,마약범죄,충남 천안,59,2016
보건범죄,보건범죄,충남 천안,83,2016
환경범죄,환경범죄,충남 천안,36,2016
교통범죄,교통범죄,충남 천안,8371,2016
노동범죄,노동범죄,충남 천안,19,2016
안보범죄,안보범죄,충남 천안,4,2016
선거범죄,선거범죄,충남 천안,12,2016
병역범죄,병역범죄,충남 천안,604,2016
기타범죄,기타범죄,충남 천안,2523,2016
강력범죄,살인기수,전남 여수,3,2016
강력범죄,살인미수등,전남 여수,0,2016
강력범죄,강도,전남 여수,6,2016
강력범죄,강간,전남 여수,20,2016
강력범죄,유사강간,전남 여수,2,2016
강력범죄,강제추행,전남 여수,67,2016
강력범죄,기타 강간  강제추행등,전남 여수,0,2016
강력범죄,방화,전남 여수,8,2016
절도범죄,절도범죄,전남 여수,1076,2016
폭력범죄,상해,전남 여수,336,2016
폭력범죄,폭행,전남 여수,1121,2016
폭력범죄,체포  감금,전남 여수,9,2016
폭력범죄,협박,전남 여수,86,2016
폭력범죄,약취  유인,전남 여수,0,2016
폭력범죄,폭력행위등,전남 여수,66,2016
폭력범죄,공갈,전남 여수,22,2016
폭력범죄,손괴,전남 여수,377,2016
지능범죄,직무유기,전남 여수,3,2016
지능범죄,직권남용,전남 여수,0,2016
지능범죄,증수뢰,전남 여수,1,2016
지능범죄,통화,전남 여수,1,2016
지능범죄,문서  인장,전남 여수,100,2016
지능범죄,유가증권인지,전남 여수,2,2016
지능범죄,사기,전남 여수,1753,2016
지능범죄,횡령,전남 여수,174,2016
지능범죄,배임,전남 여수,19,2016
풍속범죄,성풍속범죄,전남 여수,26,2016
풍속범죄,도박범죄,전남 여수,61,2016
특별경제범죄,특별경제범죄,전남 여수,209,2016
마약범죄,마약범죄,전남 여수,39,2016
보건범죄,보건범죄,전남 여수,53,2016
환경범죄,환경범죄,전남 여수,1291,2016
교통범죄,교통범죄,전남 여수,4975,2016
노동범죄,노동범죄,전남 여수,6,2016
안보범죄,안보범죄,전남 여수,0,2016
선거범죄,선거범죄,전남 여수,24,2016
병역범죄,병역범죄,전남 여수,59,2016
기타범죄,기타범죄,전남 여수,1143,2016
강력범죄,살인기수,강원 춘천,3,2016
강력범죄,살인미수등,강원 춘천,3,2016
강력범죄,강도,강원 춘천,5,2016
강력범죄,강간,강원 춘천,33,2016
강력범죄,유사강간,강원 춘천,3,2016
강력범죄,강제추행,강원 춘천,73,2016
강력범죄,기타 강간  강제추행등,강원 춘천,0,2016
강력범죄,방화,강원 춘천,9,2016
절도범죄,절도범죄,강원 춘천,1117,2016
폭력범죄,상해,강원 춘천,343,2016
폭력범죄,폭행,강원 춘천,887,2016
폭력범죄,체포  감금,강원 춘천,4,2016
폭력범죄,협박,강원 춘천,85,2016
폭력범죄,약취  유인,강원 춘천,1,2016
폭력범죄,폭력행위등,강원 춘천,63,2016
폭력범죄,공갈,강원 춘천,7,2016
폭력범죄,손괴,강원 춘천,429,2016
지능범죄,직무유기,강원 춘천,3,2016
지능범죄,직권남용,강원 춘천,3,2016
지능범죄,증수뢰,강원 춘천,2,2016
지능범죄,통화,강원 춘천,11,2016
지능범죄,문서  인장,강원 춘천,73,2016
지능범죄,유가증권인지,강원 춘천,2,2016
지능범죄,사기,강원 춘천,973,2016
지능범죄,횡령,강원 춘천,181,2016
지능범죄,배임,강원 춘천,17,2016
풍속범죄,성풍속범죄,강원 춘천,49,2016
풍속범죄,도박범죄,강원 춘천,30,2016
특별경제범죄,특별경제범죄,강원 춘천,301,2016
마약범죄,마약범죄,강원 춘천,62,2016
보건범죄,보건범죄,강원 춘천,51,2016
환경범죄,환경범죄,강원 춘천,11,2016
교통범죄,교통범죄,강원 춘천,5004,2016
노동범죄,노동범죄,강원 춘천,8,2016
안보범죄,안보범죄,강원 춘천,0,2016
선거범죄,선거범죄,강원 춘천,5,2016
병역범죄,병역범죄,강원 춘천,61,2016
기타범죄,기타범죄,강원 춘천,1188,2016
강력범죄,살인기수,강원 원주,4,2016
강력범죄,살인미수등,강원 원주,3,2016
강력범죄,강도,강원 원주,2,2016
강력범죄,강간,강원 원주,54,2016
강력범죄,유사강간,강원 원주,4,2016
강력범죄,강제추행,강원 원주,60,2016
강력범죄,기타 강간  강제추행등,강원 원주,2,2016
강력범죄,방화,강원 원주,15,2016
절도범죄,절도범죄,강원 원주,1310,2016
폭력범죄,상해,강원 원주,506,2016
폭력범죄,폭행,강원 원주,1624,2016
폭력범죄,체포  감금,강원 원주,4,2016
폭력범죄,협박,강원 원주,121,2016
폭력범죄,약취  유인,강원 원주,4,2016
폭력범죄,폭력행위등,강원 원주,90,2016
폭력범죄,공갈,강원 원주,21,2016
폭력범죄,손괴,강원 원주,574,2016
지능범죄,직무유기,강원 원주,7,2016
지능범죄,직권남용,강원 원주,0,2016
지능범죄,증수뢰,강원 원주,1,2016
지능범죄,통화,강원 원주,6,2016
지능범죄,문서  인장,강원 원주,68,2016
지능범죄,유가증권인지,강원 원주,1,2016
지능범죄,사기,강원 원주,1787,2016
지능범죄,횡령,강원 원주,257,2016
지능범죄,배임,강원 원주,27,2016
풍속범죄,성풍속범죄,강원 원주,49,2016
풍속범죄,도박범죄,강원 원주,54,2016
특별경제범죄,특별경제범죄,강원 원주,255,2016
마약범죄,마약범죄,강원 원주,69,2016
보건범죄,보건범죄,강원 원주,65,2016
환경범죄,환경범죄,강원 원주,21,2016
교통범죄,교통범죄,강원 원주,6378,2016
노동범죄,노동범죄,강원 원주,5,2016
안보범죄,안보범죄,강원 원주,1,2016
선거범죄,선거범죄,강원 원주,2,2016
병역범죄,병역범죄,강원 원주,72,2016
기타범죄,기타범죄,강원 원주,1378,2016
강력범죄,살인기수,경기 평택,4,2016
강력범죄,살인미수등,경기 평택,6,2016
강력범죄,강도,경기 평택,9,2016
강력범죄,강간,경기 평택,48,2016
강력범죄,유사강간,경기 평택,9,2016
강력범죄,강제추행,경기 평택,148,2016
강력범죄,기타 강간  강제추행등,경기 평택,8,2016
강력범죄,방화,경기 평택,20,2016
절도범죄,절도범죄,경기 평택,1813,2016
폭력범죄,상해,경기 평택,568,2016
폭력범죄,폭행,경기 평택,2008,2016
폭력범죄,체포  감금,경기 평택,20,2016
폭력범죄,협박,경기 평택,211,2016
폭력범죄,약취  유인,경기 평택,2,2016
폭력범죄,폭력행위등,경기 평택,177,2016
폭력범죄,공갈,경기 평택,48,2016
폭력범죄,손괴,경기 평택,795,2016
지능범죄,직무유기,경기 평택,4,2016
지능범죄,직권남용,경기 평택,1,2016
지능범죄,증수뢰,경기 평택,1,2016
지능범죄,통화,경기 평택,20,2016
지능범죄,문서  인장,경기 평택,141,2016
지능범죄,유가증권인지,경기 평택,0,2016
지능범죄,사기,경기 평택,2313,2016
지능범죄,횡령,경기 평택,486,2016
지능범죄,배임,경기 평택,33,2016
풍속범죄,성풍속범죄,경기 평택,188,2016
풍속범죄,도박범죄,경기 평택,69,2016
특별경제범죄,특별경제범죄,경기 평택,674,2016
마약범죄,마약범죄,경기 평택,111,2016
보건범죄,보건범죄,경기 평택,130,2016
환경범죄,환경범죄,경기 평택,78,2016
교통범죄,교통범죄,경기 평택,9630,2016
노동범죄,노동범죄,경기 평택,12,2016
안보범죄,안보범죄,경기 평택,1,2016
선거범죄,선거범죄,경기 평택,7,2016
병역범죄,병역범죄,경기 평택,141,2016
기타범죄,기타범죄,경기 평택,5288,2016
강력범죄,살인기수,경북 경주,3,2016
강력범죄,살인미수등,경북 경주,3,2016
강력범죄,강도,경북 경주,6,2016
강력범죄,강간,경북 경주,21,2016
강력범죄,유사강간,경북 경주,1,2016
강력범죄,강제추행,경북 경주,60,2016
강력범죄,기타 강간  강제추행등,경북 경주,1,2016
강력범죄,방화,경북 경주,13,2016
절도범죄,절도범죄,경북 경주,1143,2016
폭력범죄,상해,경북 경주,364,2016
폭력범죄,폭행,경북 경주,483,2016
폭력범죄,체포  감금,경북 경주,4,2016
폭력범죄,협박,경북 경주,59,2016
폭력범죄,약취  유인,경북 경주,0,2016
폭력범죄,폭력행위등,경북 경주,57,2016
폭력범죄,공갈,경북 경주,28,2016
폭력범죄,손괴,경북 경주,313,2016
지능범죄,직무유기,경북 경주,1,2016
지능범죄,직권남용,경북 경주,1,2016
지능범죄,증수뢰,경북 경주,0,2016
지능범죄,통화,경북 경주,3,2016
지능범죄,문서  인장,경북 경주,62,2016
지능범죄,유가증권인지,경북 경주,0,2016
지능범죄,사기,경북 경주,1065,2016
지능범죄,횡령,경북 경주,182,2016
지능범죄,배임,경북 경주,24,2016
풍속범죄,성풍속범죄,경북 경주,37,2016
풍속범죄,도박범죄,경북 경주,184,2016
특별경제범죄,특별경제범죄,경북 경주,183,2016
마약범죄,마약범죄,경북 경주,23,2016
보건범죄,보건범죄,경북 경주,48,2016
환경범죄,환경범죄,경북 경주,43,2016
교통범죄,교통범죄,경북 경주,3794,2016
노동범죄,노동범죄,경북 경주,3,2016
안보범죄,안보범죄,경북 경주,0,2016
선거범죄,선거범죄,경북 경주,1,2016
병역범죄,병역범죄,경북 경주,50,2016
기타범죄,기타범죄,경북 경주,913,2016
강력범죄,살인기수,경남 김해,5,2016
강력범죄,살인미수등,경남 김해,4,2016
강력범죄,강도,경남 김해,10,2016
강력범죄,강간,경남 김해,31,2016
강력범죄,유사강간,경남 김해,6,2016
강력범죄,강제추행,경남 김해,111,2016
강력범죄,기타 강간  강제추행등,경남 김해,4,2016
강력범죄,방화,경남 김해,17,2016
절도범죄,절도범죄,경남 김해,2380,2016
폭력범죄,상해,경남 김해,681,2016
폭력범죄,폭행,경남 김해,1618,2016
폭력범죄,체포  감금,경남 김해,7,2016
폭력범죄,협박,경남 김해,142,2016
폭력범죄,약취  유인,경남 김해,2,2016
폭력범죄,폭력행위등,경남 김해,142,2016
폭력범죄,공갈,경남 김해,29,2016
폭력범죄,손괴,경남 김해,572,2016
지능범죄,직무유기,경남 김해,0,2016
지능범죄,직권남용,경남 김해,5,2016
지능범죄,증수뢰,경남 김해,6,2016
지능범죄,통화,경남 김해,0,2016
지능범죄,문서  인장,경남 김해,110,2016
지능범죄,유가증권인지,경남 김해,1,2016
지능범죄,사기,경남 김해,2666,2016
지능범죄,횡령,경남 김해,339,2016
지능범죄,배임,경남 김해,39,2016
풍속범죄,성풍속범죄,경남 김해,82,2016
풍속범죄,도박범죄,경남 김해,82,2016
특별경제범죄,특별경제범죄,경남 김해,585,2016
마약범죄,마약범죄,경남 김해,152,2016
보건범죄,보건범죄,경남 김해,131,2016
환경범죄,환경범죄,경남 김해,78,2016
교통범죄,교통범죄,경남 김해,7346,2016
노동범죄,노동범죄,경남 김해,33,2016
안보범죄,안보범죄,경남 김해,0,2016
선거범죄,선거범죄,경남 김해,14,2016
병역범죄,병역범죄,경남 김해,173,2016
기타범죄,기타범죄,경남 김해,2036,2016
강력범죄,살인기수,전남 순천,3,2016
강력범죄,살인미수등,전남 순천,2,2016
강력범죄,강도,전남 순천,4,2016
강력범죄,강간,전남 순천,30,2016
강력범죄,유사강간,전남 순천,1,2016
강력범죄,강제추행,전남 순천,72,2016
강력범죄,기타 강간  강제추행등,전남 순천,3,2016
강력범죄,방화,전남 순천,7,2016
절도범죄,절도범죄,전남 순천,884,2016
폭력범죄,상해,전남 순천,330,2016
폭력범죄,폭행,전남 순천,865,2016
폭력범죄,체포  감금,전남 순천,10,2016
폭력범죄,협박,전남 순천,113,2016
폭력범죄,약취  유인,전남 순천,4,2016
폭력범죄,폭력행위등,전남 순천,59,2016
폭력범죄,공갈,전남 순천,34,2016
폭력범죄,손괴,전남 순천,294,2016
지능범죄,직무유기,전남 순천,0,2016
지능범죄,직권남용,전남 순천,2,2016
지능범죄,증수뢰,전남 순천,2,2016
지능범죄,통화,전남 순천,3,2016
지능범죄,문서  인장,전남 순천,65,2016
지능범죄,유가증권인지,전남 순천,0,2016
지능범죄,사기,전남 순천,913,2016
지능범죄,횡령,전남 순천,153,2016
지능범죄,배임,전남 순천,6,2016
풍속범죄,성풍속범죄,전남 순천,30,2016
풍속범죄,도박범죄,전남 순천,76,2016
특별경제범죄,특별경제범죄,전남 순천,221,2016
마약범죄,마약범죄,전남 순천,25,2016
보건범죄,보건범죄,전남 순천,41,2016
환경범죄,환경범죄,전남 순천,3,2016
교통범죄,교통범죄,전남 순천,5024,2016
노동범죄,노동범죄,전남 순천,7,2016
안보범죄,안보범죄,전남 순천,0,2016
선거범죄,선거범죄,전남 순천,3,2016
병역범죄,병역범죄,전남 순천,65,2016
기타범죄,기타범죄,전남 순천,823,2016
강력범죄,살인기수,경기 군포,0,2016
강력범죄,살인미수등,경기 군포,1,2016
강력범죄,강도,경기 군포,3,2016
강력범죄,강간,경기 군포,18,2016
강력범죄,유사강간,경기 군포,2,2016
강력범죄,강제추행,경기 군포,66,2016
강력범죄,기타 강간  강제추행등,경기 군포,2,2016
강력범죄,방화,경기 군포,4,2016
절도범죄,절도범죄,경기 군포,837,2016
폭력범죄,상해,경기 군포,164,2016
폭력범죄,폭행,경기 군포,831,2016
폭력범죄,체포  감금,경기 군포,5,2016
폭력범죄,협박,경기 군포,65,2016
폭력범죄,약취  유인,경기 군포,0,2016
폭력범죄,폭력행위등,경기 군포,56,2016
폭력범죄,공갈,경기 군포,13,2016
폭력범죄,손괴,경기 군포,285,2016
지능범죄,직무유기,경기 군포,2,2016
지능범죄,직권남용,경기 군포,1,2016
지능범죄,증수뢰,경기 군포,0,2016
지능범죄,통화,경기 군포,3,2016
지능범죄,문서  인장,경기 군포,48,2016
지능범죄,유가증권인지,경기 군포,1,2016
지능범죄,사기,경기 군포,1146,2016
지능범죄,횡령,경기 군포,207,2016
지능범죄,배임,경기 군포,17,2016
풍속범죄,성풍속범죄,경기 군포,64,2016
풍속범죄,도박범죄,경기 군포,32,2016
특별경제범죄,특별경제범죄,경기 군포,314,2016
마약범죄,마약범죄,경기 군포,9,2016
보건범죄,보건범죄,경기 군포,81,2016
환경범죄,환경범죄,경기 군포,2,2016
교통범죄,교통범죄,경기 군포,2801,2016
노동범죄,노동범죄,경기 군포,4,2016
안보범죄,안보범죄,경기 군포,1,2016
선거범죄,선거범죄,경기 군포,2,2016
병역범죄,병역범죄,경기 군포,63,2016
기타범죄,기타범죄,경기 군포,1101,2016
강력범죄,살인기수,경기 남양주,3,2016
강력범죄,살인미수등,경기 남양주,7,2016
강력범죄,강도,경기 남양주,9,2016
강력범죄,강간,경기 남양주,60,2016
강력범죄,유사강간,경기 남양주,2,2016
강력범죄,강제추행,경기 남양주,165,2016
강력범죄,기타 강간  강제추행등,경기 남양주,2,2016
강력범죄,방화,경기 남양주,18,2016
절도범죄,절도범죄,경기 남양주,1470,2016
폭력범죄,상해,경기 남양주,395,2016
폭력범죄,폭행,경기 남양주,2041,2016
폭력범죄,체포  감금,경기 남양주,20,2016
폭력범죄,협박,경기 남양주,208,2016
폭력범죄,약취  유인,경기 남양주,3,2016
폭력범죄,폭력행위등,경기 남양주,98,2016
폭력범죄,공갈,경기 남양주,31,2016
폭력범죄,손괴,경기 남양주,595,2016
지능범죄,직무유기,경기 남양주,2,2016
지능범죄,직권남용,경기 남양주,2,2016
지능범죄,증수뢰,경기 남양주,1,2016
지능범죄,통화,경기 남양주,24,2016
지능범죄,문서  인장,경기 남양주,134,2016
지능범죄,유가증권인지,경기 남양주,7,2016
지능범죄,사기,경기 남양주,2190,2016
지능범죄,횡령,경기 남양주,507,2016
지능범죄,배임,경기 남양주,34,2016
풍속범죄,성풍속범죄,경기 남양주,91,2016
풍속범죄,도박범죄,경기 남양주,109,2016
특별경제범죄,특별경제범죄,경기 남양주,555,2016
마약범죄,마약범죄,경기 남양주,63,2016
보건범죄,보건범죄,경기 남양주,359,2016
환경범죄,환경범죄,경기 남양주,63,2016
교통범죄,교통범죄,경기 남양주,5542,2016
노동범죄,노동범죄,경기 남양주,35,2016
안보범죄,안보범죄,경기 남양주,1,2016
선거범죄,선거범죄,경기 남양주,13,2016
병역범죄,병역범죄,경기 남양주,236,2016
기타범죄,기타범죄,경기 남양주,3232,2016
강력범죄,살인기수,강원 강릉,0,2016
강력범죄,살인미수등,강원 강릉,0,2016
강력범죄,강도,강원 강릉,5,2016
강력범죄,강간,강원 강릉,30,2016
강력범죄,유사강간,강원 강릉,5,2016
강력범죄,강제추행,강원 강릉,58,2016
강력범죄,기타 강간  강제추행등,강원 강릉,1,2016
강력범죄,방화,강원 강릉,8,2016
절도범죄,절도범죄,강원 강릉,786,2016
폭력범죄,상해,강원 강릉,489,2016
폭력범죄,폭행,강원 강릉,767,2016
폭력범죄,체포  감금,강원 강릉,7,2016
폭력범죄,협박,강원 강릉,79,2016
폭력범죄,약취  유인,강원 강릉,0,2016
폭력범죄,폭력행위등,강원 강릉,59,2016
폭력범죄,공갈,강원 강릉,12,2016
폭력범죄,손괴,강원 강릉,416,2016
지능범죄,직무유기,강원 강릉,2,2016
지능범죄,직권남용,강원 강릉,0,2016
지능범죄,증수뢰,강원 강릉,1,2016
지능범죄,통화,강원 강릉,5,2016
지능범죄,문서  인장,강원 강릉,65,2016
지능범죄,유가증권인지,강원 강릉,0,2016
지능범죄,사기,강원 강릉,942,2016
지능범죄,횡령,강원 강릉,178,2016
지능범죄,배임,강원 강릉,13,2016
풍속범죄,성풍속범죄,강원 강릉,36,2016
풍속범죄,도박범죄,강원 강릉,21,2016
특별경제범죄,특별경제범죄,강원 강릉,156,2016
마약범죄,마약범죄,강원 강릉,9,2016
보건범죄,보건범죄,강원 강릉,54,2016
환경범죄,환경범죄,강원 강릉,21,2016
교통범죄,교통범죄,강원 강릉,2387,2016
노동범죄,노동범죄,강원 강릉,5,2016
안보범죄,안보범죄,강원 강릉,0,2016
선거범죄,선거범죄,강원 강릉,2,2016
병역범죄,병역범죄,강원 강릉,41,2016
기타범죄,기타범죄,강원 강릉,1252,2016
강력범죄,살인기수,충북 충주,2,2016
강력범죄,살인미수등,충북 충주,6,2016
강력범죄,강도,충북 충주,0,2016
강력범죄,강간,충북 충주,29,2016
강력범죄,유사강간,충북 충주,7,2016
강력범죄,강제추행,충북 충주,58,2016
강력범죄,기타 강간  강제추행등,충북 충주,3,2016
강력범죄,방화,충북 충주,9,2016
절도범죄,절도범죄,충북 충주,785,2016
폭력범죄,상해,충북 충주,263,2016
폭력범죄,폭행,충북 충주,383,2016
폭력범죄,체포  감금,충북 충주,6,2016
폭력범죄,협박,충북 충주,49,2016
폭력범죄,약취  유인,충북 충주,1,2016
폭력범죄,폭력행위등,충북 충주,46,2016
폭력범죄,공갈,충북 충주,16,2016
폭력범죄,손괴,충북 충주,282,2016
지능범죄,직무유기,충북 충주,1,2016
지능범죄,직권남용,충북 충주,2,2016
지능범죄,증수뢰,충북 충주,0,2016
지능범죄,통화,충북 충주,6,2016
지능범죄,문서  인장,충북 충주,27,2016
지능범죄,유가증권인지,충북 충주,2,2016
지능범죄,사기,충북 충주,940,2016
지능범죄,횡령,충북 충주,167,2016
지능범죄,배임,충북 충주,12,2016
풍속범죄,성풍속범죄,충북 충주,29,2016
풍속범죄,도박범죄,충북 충주,37,2016
특별경제범죄,특별경제범죄,충북 충주,160,2016
마약범죄,마약범죄,충북 충주,52,2016
보건범죄,보건범죄,충북 충주,56,2016
환경범죄,환경범죄,충북 충주,5,2016
교통범죄,교통범죄,충북 충주,4168,2016
노동범죄,노동범죄,충북 충주,5,2016
안보범죄,안보범죄,충북 충주,1,2016
선거범죄,선거범죄,충북 충주,1,2016
병역범죄,병역범죄,충북 충주,50,2016
기타범죄,기타범죄,충북 충주,672,2016
강력범죄,살인기수,경북 안동,1,2016
강력범죄,살인미수등,경북 안동,1,2016
강력범죄,강도,경북 안동,1,2016
강력범죄,강간,경북 안동,13,2016
강력범죄,유사강간,경북 안동,0,2016
강력범죄,강제추행,경북 안동,44,2016
강력범죄,기타 강간  강제추행등,경북 안동,0,2016
강력범죄,방화,경북 안동,5,2016
절도범죄,절도범죄,경북 안동,574,2016
폭력범죄,상해,경북 안동,276,2016
폭력범죄,폭행,경북 안동,513,2016
폭력범죄,체포  감금,경북 안동,3,2016
폭력범죄,협박,경북 안동,50,2016
폭력범죄,약취  유인,경북 안동,0,2016
폭력범죄,폭력행위등,경북 안동,27,2016
폭력범죄,공갈,경북 안동,10,2016
폭력범죄,손괴,경북 안동,177,2016
지능범죄,직무유기,경북 안동,2,2016
지능범죄,직권남용,경북 안동,4,2016
지능범죄,증수뢰,경북 안동,0,2016
지능범죄,통화,경북 안동,4,2016
지능범죄,문서  인장,경북 안동,54,2016
지능범죄,유가증권인지,경북 안동,2,2016
지능범죄,사기,경북 안동,1324,2016
지능범죄,횡령,경북 안동,94,2016
지능범죄,배임,경북 안동,11,2016
풍속범죄,성풍속범죄,경북 안동,16,2016
풍속범죄,도박범죄,경북 안동,43,2016
특별경제범죄,특별경제범죄,경북 안동,154,2016
마약범죄,마약범죄,경북 안동,16,2016
보건범죄,보건범죄,경북 안동,29,2016
환경범죄,환경범죄,경북 안동,14,2016
교통범죄,교통범죄,경북 안동,1609,2016
노동범죄,노동범죄,경북 안동,3,2016
안보범죄,안보범죄,경북 안동,0,2016
선거범죄,선거범죄,경북 안동,11,2016
병역범죄,병역범죄,경북 안동,25,2016
기타범죄,기타범죄,경북 안동,551,2016
강력범죄,살인기수,경북 경산,2,2016
강력범죄,살인미수등,경북 경산,1,2016
강력범죄,강도,경북 경산,6,2016
강력범죄,강간,경북 경산,36,2016
강력범죄,유사강간,경북 경산,2,2016
강력범죄,강제추행,경북 경산,50,2016
강력범죄,기타 강간  강제추행등,경북 경산,0,2016
강력범죄,방화,경북 경산,3,2016
절도범죄,절도범죄,경북 경산,1319,2016
폭력범죄,상해,경북 경산,243,2016
폭력범죄,폭행,경북 경산,859,2016
폭력범죄,체포  감금,경북 경산,12,2016
폭력범죄,협박,경북 경산,76,2016
폭력범죄,약취  유인,경북 경산,1,2016
폭력범죄,폭력행위등,경북 경산,40,2016
폭력범죄,공갈,경북 경산,14,2016
폭력범죄,손괴,경북 경산,405,2016
지능범죄,직무유기,경북 경산,0,2016
지능범죄,직권남용,경북 경산,2,2016
지능범죄,증수뢰,경북 경산,0,2016
지능범죄,통화,경북 경산,4,2016
지능범죄,문서  인장,경북 경산,83,2016
지능범죄,유가증권인지,경북 경산,0,2016
지능범죄,사기,경북 경산,877,2016
지능범죄,횡령,경북 경산,223,2016
지능범죄,배임,경북 경산,5,2016
풍속범죄,성풍속범죄,경북 경산,60,2016
풍속범죄,도박범죄,경북 경산,117,2016
특별경제범죄,특별경제범죄,경북 경산,231,2016
마약범죄,마약범죄,경북 경산,26,2016
보건범죄,보건범죄,경북 경산,23,2016
환경범죄,환경범죄,경북 경산,1,2016
교통범죄,교통범죄,경북 경산,2344,2016
노동범죄,노동범죄,경북 경산,11,2016
안보범죄,안보범죄,경북 경산,0,2016
선거범죄,선거범죄,경북 경산,0,2016
병역범죄,병역범죄,경북 경산,96,2016
기타범죄,기타범죄,경북 경산,876,2016
강력범죄,살인기수,충남 아산,0,2016
강력범죄,살인미수등,충남 아산,5,2016
강력범죄,강도,충남 아산,9,2016
강력범죄,강간,충남 아산,33,2016
강력범죄,유사강간,충남 아산,3,2016
강력범죄,강제추행,충남 아산,57,2016
강력범죄,기타 강간  강제추행등,충남 아산,4,2016
강력범죄,방화,충남 아산,16,2016
절도범죄,절도범죄,충남 아산,1256,2016
폭력범죄,상해,충남 아산,383,2016
폭력범죄,폭행,충남 아산,861,2016
폭력범죄,체포  감금,충남 아산,11,2016
폭력범죄,협박,충남 아산,100,2016
폭력범죄,약취  유인,충남 아산,0,2016
폭력범죄,폭력행위등,충남 아산,112,2016
폭력범죄,공갈,충남 아산,12,2016
폭력범죄,손괴,충남 아산,387,2016
지능범죄,직무유기,충남 아산,1,2016
지능범죄,직권남용,충남 아산,4,2016
지능범죄,증수뢰,충남 아산,1,2016
지능범죄,통화,충남 아산,3,2016
지능범죄,문서  인장,충남 아산,56,2016
지능범죄,유가증권인지,충남 아산,2,2016
지능범죄,사기,충남 아산,1076,2016
지능범죄,횡령,충남 아산,207,2016
지능범죄,배임,충남 아산,24,2016
풍속범죄,성풍속범죄,충남 아산,46,2016
풍속범죄,도박범죄,충남 아산,68,2016
특별경제범죄,특별경제범죄,충남 아산,279,2016
마약범죄,마약범죄,충남 아산,37,2016
보건범죄,보건범죄,충남 아산,45,2016
환경범죄,환경범죄,충남 아산,2,2016
교통범죄,교통범죄,충남 아산,2455,2016
노동범죄,노동범죄,충남 아산,11,2016
안보범죄,안보범죄,충남 아산,0,2016
선거범죄,선거범죄,충남 아산,0,2016
병역범죄,병역범죄,충남 아산,88,2016
기타범죄,기타범죄,충남 아산,946,2016
강력범죄,살인기수,경남 거제,2,2016
강력범죄,살인미수등,경남 거제,0,2016
강력범죄,강도,경남 거제,5,2016
강력범죄,강간,경남 거제,18,2016
강력범죄,유사강간,경남 거제,4,2016
강력범죄,강제추행,경남 거제,73,2016
강력범죄,기타 강간  강제추행등,경남 거제,2,2016
강력범죄,방화,경남 거제,10,2016
절도범죄,절도범죄,경남 거제,1114,2016
폭력범죄,상해,경남 거제,532,2016
폭력범죄,폭행,경남 거제,620,2016
폭력범죄,체포  감금,경남 거제,9,2016
폭력범죄,협박,경남 거제,88,2016
폭력범죄,약취  유인,경남 거제,7,2016
폭력범죄,폭력행위등,경남 거제,76,2016
폭력범죄,공갈,경남 거제,13,2016
폭력범죄,손괴,경남 거제,340,2016
지능범죄,직무유기,경남 거제,2,2016
지능범죄,직권남용,경남 거제,2,2016
지능범죄,증수뢰,경남 거제,2,2016
지능범죄,통화,경남 거제,0,2016
지능범죄,문서  인장,경남 거제,70,2016
지능범죄,유가증권인지,경남 거제,0,2016
지능범죄,사기,경남 거제,1426,2016
지능범죄,횡령,경남 거제,490,2016
지능범죄,배임,경남 거제,24,2016
풍속범죄,성풍속범죄,경남 거제,35,2016
풍속범죄,도박범죄,경남 거제,115,2016
특별경제범죄,특별경제범죄,경남 거제,349,2016
마약범죄,마약범죄,경남 거제,42,2016
보건범죄,보건범죄,경남 거제,53,2016
환경범죄,환경범죄,경남 거제,31,2016
교통범죄,교통범죄,경남 거제,4820,2016
노동범죄,노동범죄,경남 거제,21,2016
안보범죄,안보범죄,경남 거제,0,2016
선거범죄,선거범죄,경남 거제,4,2016
병역범죄,병역범죄,경남 거제,104,2016
기타범죄,기타범죄,경남 거제,1223,2016
강력범죄,살인기수,경북 김천,1,2016
강력범죄,살인미수등,경북 김천,0,2016
강력범죄,강도,경북 김천,1,2016
강력범죄,강간,경북 김천,15,2016
강력범죄,유사강간,경북 김천,0,2016
강력범죄,강제추행,경북 김천,17,2016
강력범죄,기타 강간  강제추행등,경북 김천,1,2016
강력범죄,방화,경북 김천,5,2016
절도범죄,절도범죄,경북 김천,450,2016
폭력범죄,상해,경북 김천,186,2016
폭력범죄,폭행,경북 김천,335,2016
폭력범죄,체포  감금,경북 김천,3,2016
폭력범죄,협박,경북 김천,42,2016
폭력범죄,약취  유인,경북 김천,1,2016
폭력범죄,폭력행위등,경북 김천,41,2016
폭력범죄,공갈,경북 김천,7,2016
폭력범죄,손괴,경북 김천,154,2016
지능범죄,직무유기,경북 김천,3,2016
지능범죄,직권남용,경북 김천,1,2016
지능범죄,증수뢰,경북 김천,0,2016
지능범죄,통화,경북 김천,0,2016
지능범죄,문서  인장,경북 김천,24,2016
지능범죄,유가증권인지,경북 김천,0,2016
지능범죄,사기,경북 김천,393,2016
지능범죄,횡령,경북 김천,54,2016
지능범죄,배임,경북 김천,4,2016
풍속범죄,성풍속범죄,경북 김천,9,2016
풍속범죄,도박범죄,경북 김천,20,2016
특별경제범죄,특별경제범죄,경북 김천,90,2016
마약범죄,마약범죄,경북 김천,20,2016
보건범죄,보건범죄,경북 김천,37,2016
환경범죄,환경범죄,경북 김천,5,2016
교통범죄,교통범죄,경북 김천,1916,2016
노동범죄,노동범죄,경북 김천,2,2016
안보범죄,안보범죄,경북 김천,0,2016
선거범죄,선거범죄,경북 김천,1,2016
병역범죄,병역범죄,경북 김천,20,2016
기타범죄,기타범죄,경북 김천,413,2016
강력범죄,살인기수,전북 정읍,0,2016
강력범죄,살인미수등,전북 정읍,3,2016
강력범죄,강도,전북 정읍,1,2016
강력범죄,강간,전북 정읍,11,2016
강력범죄,유사강간,전북 정읍,4,2016
강력범죄,강제추행,전북 정읍,22,2016
강력범죄,기타 강간  강제추행등,전북 정읍,1,2016
강력범죄,방화,전북 정읍,2,2016
절도범죄,절도범죄,전북 정읍,245,2016
폭력범죄,상해,전북 정읍,119,2016
폭력범죄,폭행,전북 정읍,272,2016
폭력범죄,체포  감금,전북 정읍,1,2016
폭력범죄,협박,전북 정읍,50,2016
폭력범죄,약취  유인,전북 정읍,1,2016
폭력범죄,폭력행위등,전북 정읍,27,2016
폭력범죄,공갈,전북 정읍,2,2016
폭력범죄,손괴,전북 정읍,101,2016
지능범죄,직무유기,전북 정읍,1,2016
지능범죄,직권남용,전북 정읍,1,2016
지능범죄,증수뢰,전북 정읍,0,2016
지능범죄,통화,전북 정읍,2,2016
지능범죄,문서  인장,전북 정읍,33,2016
지능범죄,유가증권인지,전북 정읍,2,2016
지능범죄,사기,전북 정읍,513,2016
지능범죄,횡령,전북 정읍,63,2016
지능범죄,배임,전북 정읍,11,2016
풍속범죄,성풍속범죄,전북 정읍,9,2016
풍속범죄,도박범죄,전북 정읍,14,2016
특별경제범죄,특별경제범죄,전북 정읍,62,2016
마약범죄,마약범죄,전북 정읍,1,2016
보건범죄,보건범죄,전북 정읍,32,2016
환경범죄,환경범죄,전북 정읍,6,2016
교통범죄,교통범죄,전북 정읍,1095,2016
노동범죄,노동범죄,전북 정읍,3,2016
안보범죄,안보범죄,전북 정읍,0,2016
선거범죄,선거범죄,전북 정읍,5,2016
병역범죄,병역범죄,전북 정읍,18,2016
기타범죄,기타범죄,전북 정읍,369,2016
강력범죄,살인기수,경기 용인,2,2016
강력범죄,살인미수등,경기 용인,13,2016
강력범죄,강도,경기 용인,5,2016
강력범죄,강간,경기 용인,38,2016
강력범죄,유사강간,경기 용인,10,2016
강력범죄,강제추행,경기 용인,184,2016
강력범죄,기타 강간  강제추행등,경기 용인,3,2016
강력범죄,방화,경기 용인,12,2016
절도범죄,절도범죄,경기 용인,2468,2016
폭력범죄,상해,경기 용인,474,2016
폭력범죄,폭행,경기 용인,2346,2016
폭력범죄,체포  감금,경기 용인,17,2016
폭력범죄,협박,경기 용인,237,2016
폭력범죄,약취  유인,경기 용인,4,2016
폭력범죄,폭력행위등,경기 용인,121,2016
폭력범죄,공갈,경기 용인,34,2016
폭력범죄,손괴,경기 용인,810,2016
지능범죄,직무유기,경기 용인,10,2016
지능범죄,직권남용,경기 용인,6,2016
지능범죄,증수뢰,경기 용인,2,2016
지능범죄,통화,경기 용인,23,2016
지능범죄,문서  인장,경기 용인,193,2016
지능범죄,유가증권인지,경기 용인,2,2016
지능범죄,사기,경기 용인,2925,2016
지능범죄,횡령,경기 용인,691,2016
지능범죄,배임,경기 용인,64,2016
풍속범죄,성풍속범죄,경기 용인,186,2016
풍속범죄,도박범죄,경기 용인,119,2016
특별경제범죄,특별경제범죄,경기 용인,614,2016
마약범죄,마약범죄,경기 용인,90,2016
보건범죄,보건범죄,경기 용인,140,2016
환경범죄,환경범죄,경기 용인,86,2016
교통범죄,교통범죄,경기 용인,8695,2016
노동범죄,노동범죄,경기 용인,24,2016
안보범죄,안보범죄,경기 용인,1,2016
선거범죄,선거범죄,경기 용인,11,2016
병역범죄,병역범죄,경기 용인,203,2016
기타범죄,기타범죄,경기 용인,4291,2016
강력범죄,살인기수,경기 시흥,8,2016
강력범죄,살인미수등,경기 시흥,7,2016
강력범죄,강도,경기 시흥,9,2016
강력범죄,강간,경기 시흥,57,2016
강력범죄,유사강간,경기 시흥,4,2016
강력범죄,강제추행,경기 시흥,120,2016
강력범죄,기타 강간  강제추행등,경기 시흥,1,2016
강력범죄,방화,경기 시흥,15,2016
절도범죄,절도범죄,경기 시흥,1500,2016
폭력범죄,상해,경기 시흥,343,2016
폭력범죄,폭행,경기 시흥,1742,2016
폭력범죄,체포  감금,경기 시흥,13,2016
폭력범죄,협박,경기 시흥,187,2016
폭력범죄,약취  유인,경기 시흥,1,2016
폭력범죄,폭력행위등,경기 시흥,153,2016
폭력범죄,공갈,경기 시흥,31,2016
폭력범죄,손괴,경기 시흥,673,2016
지능범죄,직무유기,경기 시흥,1,2016
지능범죄,직권남용,경기 시흥,2,2016
지능범죄,증수뢰,경기 시흥,1,2016
지능범죄,통화,경기 시흥,3,2016
지능범죄,문서  인장,경기 시흥,81,2016
지능범죄,유가증권인지,경기 시흥,3,2016
지능범죄,사기,경기 시흥,2311,2016
지능범죄,횡령,경기 시흥,429,2016
지능범죄,배임,경기 시흥,25,2016
풍속범죄,성풍속범죄,경기 시흥,113,2016
풍속범죄,도박범죄,경기 시흥,80,2016
특별경제범죄,특별경제범죄,경기 시흥,549,2016
마약범죄,마약범죄,경기 시흥,55,2016
보건범죄,보건범죄,경기 시흥,72,2016
환경범죄,환경범죄,경기 시흥,79,2016
교통범죄,교통범죄,경기 시흥,10640,2016
노동범죄,노동범죄,경기 시흥,14,2016
안보범죄,안보범죄,경기 시흥,0,2016
선거범죄,선거범죄,경기 시흥,10,2016
병역범죄,병역범죄,경기 시흥,183,2016
기타범죄,기타범죄,경기 시흥,4021,2016
강력범죄,살인기수,경기 파주,3,2016
강력범죄,살인미수등,경기 파주,2,2016
강력범죄,강도,경기 파주,4,2016
강력범죄,강간,경기 파주,38,2016
강력범죄,유사강간,경기 파주,3,2016
강력범죄,강제추행,경기 파주,85,2016
강력범죄,기타 강간  강제추행등,경기 파주,1,2016
강력범죄,방화,경기 파주,9,2016
절도범죄,절도범죄,경기 파주,1291,2016
폭력범죄,상해,경기 파주,288,2016
폭력범죄,폭행,경기 파주,1180,2016
폭력범죄,체포  감금,경기 파주,6,2016
폭력범죄,협박,경기 파주,110,2016
폭력범죄,약취  유인,경기 파주,1,2016
폭력범죄,폭력행위등,경기 파주,77,2016
폭력범죄,공갈,경기 파주,28,2016
폭력범죄,손괴,경기 파주,396,2016
지능범죄,직무유기,경기 파주,2,2016
지능범죄,직권남용,경기 파주,0,2016
지능범죄,증수뢰,경기 파주,2,2016
지능범죄,통화,경기 파주,8,2016
지능범죄,문서  인장,경기 파주,97,2016
지능범죄,유가증권인지,경기 파주,2,2016
지능범죄,사기,경기 파주,1990,2016
지능범죄,횡령,경기 파주,392,2016
지능범죄,배임,경기 파주,36,2016
풍속범죄,성풍속범죄,경기 파주,47,2016
풍속범죄,도박범죄,경기 파주,108,2016
특별경제범죄,특별경제범죄,경기 파주,486,2016
마약범죄,마약범죄,경기 파주,38,2016
보건범죄,보건범죄,경기 파주,64,2016
환경범죄,환경범죄,경기 파주,65,2016
교통범죄,교통범죄,경기 파주,6456,2016
노동범죄,노동범죄,경기 파주,11,2016
안보범죄,안보범죄,경기 파주,0,2016
선거범죄,선거범죄,경기 파주,10,2016
병역범죄,병역범죄,경기 파주,142,2016
기타범죄,기타범죄,경기 파주,1705,2016
강력범죄,살인기수,경남 양산,3,2016
강력범죄,살인미수등,경남 양산,1,2016
강력범죄,강도,경남 양산,7,2016
강력범죄,강간,경남 양산,31,2016
강력범죄,유사강간,경남 양산,4,2016
강력범죄,강제추행,경남 양산,76,2016
강력범죄,기타 강간  강제추행등,경남 양산,1,2016
강력범죄,방화,경남 양산,5,2016
절도범죄,절도범죄,경남 양산,974,2016
폭력범죄,상해,경남 양산,312,2016
폭력범죄,폭행,경남 양산,716,2016
폭력범죄,체포  감금,경남 양산,9,2016
폭력범죄,협박,경남 양산,92,2016
폭력범죄,약취  유인,경남 양산,2,2016
폭력범죄,폭력행위등,경남 양산,79,2016
폭력범죄,공갈,경남 양산,15,2016
폭력범죄,손괴,경남 양산,267,2016
지능범죄,직무유기,경남 양산,3,2016
지능범죄,직권남용,경남 양산,3,2016
지능범죄,증수뢰,경남 양산,2,2016
지능범죄,통화,경남 양산,5,2016
지능범죄,문서  인장,경남 양산,54,2016
지능범죄,유가증권인지,경남 양산,1,2016
지능범죄,사기,경남 양산,1284,2016
지능범죄,횡령,경남 양산,191,2016
지능범죄,배임,경남 양산,17,2016
풍속범죄,성풍속범죄,경남 양산,49,2016
풍속범죄,도박범죄,경남 양산,55,2016
특별경제범죄,특별경제범죄,경남 양산,272,2016
마약범죄,마약범죄,경남 양산,33,2016
보건범죄,보건범죄,경남 양산,93,2016
환경범죄,환경범죄,경남 양산,8,2016
교통범죄,교통범죄,경남 양산,3760,2016
노동범죄,노동범죄,경남 양산,11,2016
안보범죄,안보범죄,경남 양산,0,2016
선거범죄,선거범죄,경남 양산,8,2016
병역범죄,병역범죄,경남 양산,164,2016
기타범죄,기타범죄,경남 양산,1476,2016
강력범죄,살인기수,경기 이천,1,2016
강력범죄,살인미수등,경기 이천,0,2016
강력범죄,강도,경기 이천,2,2016
강력범죄,강간,경기 이천,26,2016
강력범죄,유사강간,경기 이천,1,2016
강력범죄,강제추행,경기 이천,64,2016
강력범죄,기타 강간  강제추행등,경기 이천,1,2016
강력범죄,방화,경기 이천,2,2016
절도범죄,절도범죄,경기 이천,632,2016
폭력범죄,상해,경기 이천,196,2016
폭력범죄,폭행,경기 이천,854,2016
폭력범죄,체포  감금,경기 이천,11,2016
폭력범죄,협박,경기 이천,73,2016
폭력범죄,약취  유인,경기 이천,2,2016
폭력범죄,폭력행위등,경기 이천,62,2016
폭력범죄,공갈,경기 이천,19,2016
폭력범죄,손괴,경기 이천,281,2016
지능범죄,직무유기,경기 이천,3,2016
지능범죄,직권남용,경기 이천,2,2016
지능범죄,증수뢰,경기 이천,0,2016
지능범죄,통화,경기 이천,8,2016
지능범죄,문서  인장,경기 이천,39,2016
지능범죄,유가증권인지,경기 이천,0,2016
지능범죄,사기,경기 이천,1066,2016
지능범죄,횡령,경기 이천,145,2016
지능범죄,배임,경기 이천,10,2016
풍속범죄,성풍속범죄,경기 이천,60,2016
풍속범죄,도박범죄,경기 이천,30,2016
특별경제범죄,특별경제범죄,경기 이천,186,2016
마약범죄,마약범죄,경기 이천,16,2016
보건범죄,보건범죄,경기 이천,58,2016
환경범죄,환경범죄,경기 이천,25,2016
교통범죄,교통범죄,경기 이천,3023,2016
노동범죄,노동범죄,경기 이천,5,2016
안보범죄,안보범죄,경기 이천,0,2016
선거범죄,선거범죄,경기 이천,6,2016
병역범죄,병역범죄,경기 이천,59,2016
기타범죄,기타범죄,경기 이천,1364,2016
강력범죄,살인기수,경기 구리,1,2016
강력범죄,살인미수등,경기 구리,5,2016
강력범죄,강도,경기 구리,1,2016
강력범죄,강간,경기 구리,30,2016
강력범죄,유사강간,경기 구리,3,2016
강력범죄,강제추행,경기 구리,83,2016
강력범죄,기타 강간  강제추행등,경기 구리,2,2016
강력범죄,방화,경기 구리,11,2016
절도범죄,절도범죄,경기 구리,936,2016
폭력범죄,상해,경기 구리,184,2016
폭력범죄,폭행,경기 구리,935,2016
폭력범죄,체포  감금,경기 구리,4,2016
폭력범죄,협박,경기 구리,74,2016
폭력범죄,약취  유인,경기 구리,0,2016
폭력범죄,폭력행위등,경기 구리,69,2016
폭력범죄,공갈,경기 구리,14,2016
폭력범죄,손괴,경기 구리,269,2016
지능범죄,직무유기,경기 구리,2,2016
지능범죄,직권남용,경기 구리,5,2016
지능범죄,증수뢰,경기 구리,1,2016
지능범죄,통화,경기 구리,16,2016
지능범죄,문서  인장,경기 구리,68,2016
지능범죄,유가증권인지,경기 구리,2,2016
지능범죄,사기,경기 구리,1141,2016
지능범죄,횡령,경기 구리,256,2016
지능범죄,배임,경기 구리,10,2016
풍속범죄,성풍속범죄,경기 구리,105,2016
풍속범죄,도박범죄,경기 구리,26,2016
특별경제범죄,특별경제범죄,경기 구리,244,2016
마약범죄,마약범죄,경기 구리,30,2016
보건범죄,보건범죄,경기 구리,56,2016
환경범죄,환경범죄,경기 구리,4,2016
교통범죄,교통범죄,경기 구리,2225,2016
노동범죄,노동범죄,경기 구리,12,2016
안보범죄,안보범죄,경기 구리,0,2016
선거범죄,선거범죄,경기 구리,3,2016
병역범죄,병역범죄,경기 구리,75,2016
기타범죄,기타범죄,경기 구리,1123,2016
강력범죄,살인기수,충남 서산,2,2016
강력범죄,살인미수등,충남 서산,3,2016
강력범죄,강도,충남 서산,5,2016
강력범죄,강간,충남 서산,10,2016
강력범죄,유사강간,충남 서산,0,2016
강력범죄,강제추행,충남 서산,56,2016
강력범죄,기타 강간  강제추행등,충남 서산,1,2016
강력범죄,방화,충남 서산,8,2016
절도범죄,절도범죄,충남 서산,674,2016
폭력범죄,상해,충남 서산,208,2016
폭력범죄,폭행,충남 서산,374,2016
폭력범죄,체포  감금,충남 서산,4,2016
폭력범죄,협박,충남 서산,39,2016
폭력범죄,약취  유인,충남 서산,1,2016
폭력범죄,폭력행위등,충남 서산,39,2016
폭력범죄,공갈,충남 서산,12,2016
폭력범죄,손괴,충남 서산,216,2016
지능범죄,직무유기,충남 서산,2,2016
지능범죄,직권남용,충남 서산,0,2016
지능범죄,증수뢰,충남 서산,0,2016
지능범죄,통화,충남 서산,5,2016
지능범죄,문서  인장,충남 서산,45,2016
지능범죄,유가증권인지,충남 서산,0,2016
지능범죄,사기,충남 서산,779,2016
지능범죄,횡령,충남 서산,93,2016
지능범죄,배임,충남 서산,18,2016
풍속범죄,성풍속범죄,충남 서산,22,2016
풍속범죄,도박범죄,충남 서산,47,2016
특별경제범죄,특별경제범죄,충남 서산,116,2016
마약범죄,마약범죄,충남 서산,31,2016
보건범죄,보건범죄,충남 서산,14,2016
환경범죄,환경범죄,충남 서산,31,2016
교통범죄,교통범죄,충남 서산,1617,2016
노동범죄,노동범죄,충남 서산,2,2016
안보범죄,안보범죄,충남 서산,0,2016
선거범죄,선거범죄,충남 서산,4,2016
병역범죄,병역범죄,충남 서산,38,2016
기타범죄,기타범죄,충남 서산,635,2016
강력범죄,살인기수,충북 제천,1,2016
강력범죄,살인미수등,충북 제천,3,2016
강력범죄,강도,충북 제천,2,2016
강력범죄,강간,충북 제천,14,2016
강력범죄,유사강간,충북 제천,1,2016
강력범죄,강제추행,충북 제천,34,2016
강력범죄,기타 강간  강제추행등,충북 제천,1,2016
강력범죄,방화,충북 제천,7,2016
절도범죄,절도범죄,충북 제천,463,2016
폭력범죄,상해,충북 제천,174,2016
폭력범죄,폭행,충북 제천,322,2016
폭력범죄,체포  감금,충북 제천,4,2016
폭력범죄,협박,충북 제천,36,2016
폭력범죄,약취  유인,충북 제천,0,2016
폭력범죄,폭력행위등,충북 제천,19,2016
폭력범죄,공갈,충북 제천,7,2016
폭력범죄,손괴,충북 제천,239,2016
지능범죄,직무유기,충북 제천,3,2016
지능범죄,직권남용,충북 제천,0,2016
지능범죄,증수뢰,충북 제천,3,2016
지능범죄,통화,충북 제천,5,2016
지능범죄,문서  인장,충북 제천,39,2016
지능범죄,유가증권인지,충북 제천,0,2016
지능범죄,사기,충북 제천,448,2016
지능범죄,횡령,충북 제천,73,2016
지능범죄,배임,충북 제천,14,2016
풍속범죄,성풍속범죄,충북 제천,16,2016
풍속범죄,도박범죄,충북 제천,26,2016
특별경제범죄,특별경제범죄,충북 제천,74,2016
마약범죄,마약범죄,충북 제천,35,2016
보건범죄,보건범죄,충북 제천,55,2016
환경범죄,환경범죄,충북 제천,7,2016
교통범죄,교통범죄,충북 제천,1773,2016
노동범죄,노동범죄,충북 제천,2,2016
안보범죄,안보범죄,충북 제천,0,2016
선거범죄,선거범죄,충북 제천,8,2016
병역범죄,병역범죄,충북 제천,25,2016
기타범죄,기타범죄,충북 제천,434,2016
강력범죄,살인기수,충남 논산,3,2016
강력범죄,살인미수등,충남 논산,0,2016
강력범죄,강도,충남 논산,1,2016
강력범죄,강간,충남 논산,13,2016
강력범죄,유사강간,충남 논산,2,2016
강력범죄,강제추행,충남 논산,26,2016
강력범죄,기타 강간  강제추행등,충남 논산,0,2016
강력범죄,방화,충남 논산,6,2016
절도범죄,절도범죄,충남 논산,526,2016
폭력범죄,상해,충남 논산,174,2016
폭력범죄,폭행,충남 논산,141,2016
폭력범죄,체포  감금,충남 논산,3,2016
폭력범죄,협박,충남 논산,40,2016
폭력범죄,약취  유인,충남 논산,2,2016
폭력범죄,폭력행위등,충남 논산,19,2016
폭력범죄,공갈,충남 논산,5,2016
폭력범죄,손괴,충남 논산,109,2016
지능범죄,직무유기,충남 논산,3,2016
지능범죄,직권남용,충남 논산,2,2016
지능범죄,증수뢰,충남 논산,2,2016
지능범죄,통화,충남 논산,2,2016
지능범죄,문서  인장,충남 논산,45,2016
지능범죄,유가증권인지,충남 논산,1,2016
지능범죄,사기,충남 논산,531,2016
지능범죄,횡령,충남 논산,72,2016
지능범죄,배임,충남 논산,6,2016
풍속범죄,성풍속범죄,충남 논산,8,2016
풍속범죄,도박범죄,충남 논산,30,2016
특별경제범죄,특별경제범죄,충남 논산,64,2016
마약범죄,마약범죄,충남 논산,14,2016
보건범죄,보건범죄,충남 논산,23,2016
환경범죄,환경범죄,충남 논산,11,2016
교통범죄,교통범죄,충남 논산,1326,2016
노동범죄,노동범죄,충남 논산,0,2016
안보범죄,안보범죄,충남 논산,0,2016
선거범죄,선거범죄,충남 논산,1,2016
병역범죄,병역범죄,충남 논산,66,2016
기타범죄,기타범죄,충남 논산,439,2016
강력범죄,살인기수,기타도시,30,2016
강력범죄,살인미수등,기타도시,67,2016
강력범죄,강도,기타도시,72,2016
강력범죄,강간,기타도시,367,2016
강력범죄,유사강간,기타도시,36,2016
강력범죄,강제추행,기타도시,1084,2016
강력범죄,기타 강간  강제추행등,기타도시,41,2016
강력범죄,방화,기타도시,125,2016
절도범죄,절도범죄,기타도시,14974,2016
폭력범죄,상해,기타도시,5294,2016
폭력범죄,폭행,기타도시,120787,2016
폭력범죄,체포  감금,기타도시,113,2016
폭력범죄,협박,기타도시,1365,2016
폭력범죄,약취  유인,기타도시,19,2016
폭력범죄,폭력행위등,기타도시,1212,2016
폭력범죄,공갈,기타도시,313,2016
폭력범죄,손괴,기타도시,5029,2016
지능범죄,직무유기,기타도시,55,2016
지능범죄,직권남용,기타도시,23,2016
지능범죄,증수뢰,기타도시,26,2016
지능범죄,통화,기타도시,91,2016
지능범죄,문서  인장,기타도시,1146,2016
지능범죄,유가증권인지,기타도시,16,2016
지능범죄,사기,기타도시,20851,2016
지능범죄,횡령,기타도시,3639,2016
지능범죄,배임,기타도시,420,2016
풍속범죄,성풍속범죄,기타도시,79,2016
풍속범죄,도박범죄,기타도시,1152,2016
특별경제범죄,특별경제범죄,기타도시,5176,2016
마약범죄,마약범죄,기타도시,555,2016
보건범죄,보건범죄,기타도시,1130,2016
환경범죄,환경범죄,기타도시,809,2016
교통범죄,교통범죄,기타도시,63245,2016
노동범죄,노동범죄,기타도시,67,2016
안보범죄,안보범죄,기타도시,6,2016
선거범죄,선거범죄,기타도시,108,2016
병역범죄,병역범죄,기타도시,1506,2016
기타범죄,기타범죄,기타도시,30006,2016
강력범죄,살인기수,도시이외,51,2016
강력범죄,살인미수등,도시이외,49,2016
강력범죄,강도,도시이외,46,2016
강력범죄,강간,도시이외,366,2016
강력범죄,유사강간,도시이외,33,2016
강력범죄,강제추행,도시이외,743,2016
강력범죄,기타 강간  강제추행등,도시이외,47,2016
강력범죄,방화,도시이외,135,2016
절도범죄,절도범죄,도시이외,9839,2016
폭력범죄,상해,도시이외,4325,2016
폭력범죄,폭행,도시이외,6291,2016
폭력범죄,체포  감금,도시이외,90,2016
폭력범죄,협박,도시이외,1007,2016
폭력범죄,약취  유인,도시이외,12,2016
폭력범죄,폭력행위등,도시이외,685,2016
폭력범죄,공갈,도시이외,218,2016
폭력범죄,손괴,도시이외,3080,2016
지능범죄,직무유기,도시이외,74,2016
지능범죄,직권남용,도시이외,33,2016
지능범죄,증수뢰,도시이외,37,2016
지능범죄,통화,도시이외,32,2016
지능범죄,문서  인장,도시이외,848,2016
지능범죄,유가증권인지,도시이외,9,2016
지능범죄,사기,도시이외,14670,2016
지능범죄,횡령,도시이외,1936,2016
지능범죄,배임,도시이외,661,2016
풍속범죄,성풍속범죄,도시이외,274,2016
풍속범죄,도박범죄,도시이외,748,2016
특별경제범죄,특별경제범죄,도시이외,2293,2016
마약범죄,마약범죄,도시이외,720,2016
보건범죄,보건범죄,도시이외,951,2016
환경범죄,환경범죄,도시이외,523,2016
교통범죄,교통범죄,도시이외,43990,2016
노동범죄,노동범죄,도시이외,67,2016
안보범죄,안보범죄,도시이외,3,2016
선거범죄,선거범죄,도시이외,129,2016
병역범죄,병역범죄,도시이외,761,2016
기타범죄,기타범죄,도시이외,17984,2016
강력범죄,살인기수,경기 광주,3,2016
강력범죄,살인미수등,경기 광주,10,2016
강력범죄,강도,경기 광주,4,2016
강력범죄,강간,경기 광주,16,2016
강력범죄,유사강간,경기 광주,2,2016
강력범죄,강제추행,경기 광주,60,2016
강력범죄,기타 강간  강제추행등,경기 광주,5,2016
강력범죄,방화,경기 광주,4,2016
절도범죄,절도범죄,경기 광주,881,2016
폭력범죄,상해,경기 광주,237,2016
폭력범죄,폭행,경기 광주,955,2016
폭력범죄,체포  감금,경기 광주,8,2016
폭력범죄,협박,경기 광주,118,2016
폭력범죄,약취  유인,경기 광주,0,2016
폭력범죄,폭력행위등,경기 광주,85,2016
폭력범죄,공갈,경기 광주,25,2016
폭력범죄,손괴,경기 광주,371,2016
지능범죄,직무유기,경기 광주,1,2016
지능범죄,직권남용,경기 광주,0,2016
지능범죄,증수뢰,경기 광주,0,2016
지능범죄,통화,경기 광주,7,2016
지능범죄,문서  인장,경기 광주,61,2016
지능범죄,유가증권인지,경기 광주,2,2016
지능범죄,사기,경기 광주,1298,2016
지능범죄,횡령,경기 광주,263,2016
지능범죄,배임,경기 광주,30,2016
풍속범죄,성풍속범죄,경기 광주,59,2016
풍속범죄,도박범죄,경기 광주,89,2016
특별경제범죄,특별경제범죄,경기 광주,317,2016
마약범죄,마약범죄,경기 광주,19,2016
보건범죄,보건범죄,경기 광주,64,2016
환경범죄,환경범죄,경기 광주,66,2016
교통범죄,교통범죄,경기 광주,4171,2016
노동범죄,노동범죄,경기 광주,12,2016
안보범죄,안보범죄,경기 광주,0,2016
선거범죄,선거범죄,경기 광주,2,2016
병역범죄,병역범죄,경기 광주,110,2016
기타범죄,기타범죄,경기 광주,2175,2016
강력범죄,살인기수,세종,1,2016
강력범죄,살인미수등,세종,1,2016
강력범죄,강도,세종,3,2016
강력범죄,강간,세종,10,2016
강력범죄,유사강간,세종,1,2016
강력범죄,강제추행,세종,40,2016
강력범죄,기타 강간  강제추행등,세종,0,2016
강력범죄,방화,세종,2,2016
절도범죄,절도범죄,세종,638,2016
폭력범죄,상해,세종,162,2016
폭력범죄,폭행,세종,377,2016
폭력범죄,체포  감금,세종,3,2016
폭력범죄,협박,세종,45,2016
폭력범죄,약취  유인,세종,2,2016
폭력범죄,폭력행위등,세종,42,2016
폭력범죄,공갈,세종,30,2016
폭력범죄,손괴,세종,161,2016
지능범죄,직무유기,세종,10,2016
지능범죄,직권남용,세종,4,2016
지능범죄,증수뢰,세종,3,2016
지능범죄,통화,세종,2,2016
지능범죄,문서  인장,세종,39,2016
지능범죄,유가증권인지,세종,1,2016
지능범죄,사기,세종,562,2016
지능범죄,횡령,세종,189,2016
지능범죄,배임,세종,11,2016
풍속범죄,성풍속범죄,세종,29,2016
풍속범죄,도박범죄,세종,28,2016
특별경제범죄,특별경제범죄,세종,357,2016
마약범죄,마약범죄,세종,8,2016
보건범죄,보건범죄,세종,22,2016
환경범죄,환경범죄,세종,4,2016
교통범죄,교통범죄,세종,1234,2016
노동범죄,노동범죄,세종,6,2016
안보범죄,안보범죄,세종,1,2016
선거범죄,선거범죄,세종,7,2016
병역범죄,병역범죄,세종,131,2016
기타범죄,기타범죄,세종,495,2016
강력범죄,살인기수,경기 과천,0,2016
강력범죄,살인미수등,경기 과천,1,2016
강력범죄,강도,경기 과천,1,2016
강력범죄,강간,경기 과천,0,2016
강력범죄,유사강간,경기 과천,1,2016
강력범죄,강제추행,경기 과천,20,2016
강력범죄,기타 강간  강제추행등,경기 과천,0,2016
강력범죄,방화,경기 과천,2,2016
절도범죄,절도범죄,경기 과천,159,2016
폭력범죄,상해,경기 과천,36,2016
폭력범죄,폭행,경기 과천,179,2016
폭력범죄,체포  감금,경기 과천,0,2016
폭력범죄,협박,경기 과천,26,2016
폭력범죄,약취  유인,경기 과천,0,2016
폭력범죄,폭력행위등,경기 과천,9,2016
폭력범죄,공갈,경기 과천,2,2016
폭력범죄,손괴,경기 과천,49,2016
지능범죄,직무유기,경기 과천,1,2016
지능범죄,직권남용,경기 과천,0,2016
지능범죄,증수뢰,경기 과천,1,2016
지능범죄,통화,경기 과천,11,2016
지능범죄,문서  인장,경기 과천,21,2016
지능범죄,유가증권인지,경기 과천,0,2016
지능범죄,사기,경기 과천,161,2016
지능범죄,횡령,경기 과천,79,2016
지능범죄,배임,경기 과천,6,2016
풍속범죄,성풍속범죄,경기 과천,32,2016
풍속범죄,도박범죄,경기 과천,3,2016
특별경제범죄,특별경제범죄,경기 과천,40,2016
마약범죄,마약범죄,경기 과천,2,2016
보건범죄,보건범죄,경기 과천,5,2016
환경범죄,환경범죄,경기 과천,8,2016
교통범죄,교통범죄,경기 과천,934,2016
노동범죄,노동범죄,경기 과천,0,2016
안보범죄,안보범죄,경기 과천,0,2016
선거범죄,선거범죄,경기 과천,1,2016
병역범죄,병역범죄,경기 과천,2,2016
기타범죄,기타범죄,경기 과천,358,2016
강력범죄,살인기수,경기 김포,2,2016
강력범죄,살인미수등,경기 김포,2,2016
강력범죄,강도,경기 김포,6,2016
강력범죄,강간,경기 김포,20,2016
강력범죄,유사강간,경기 김포,3,2016
강력범죄,강제추행,경기 김포,92,2016
강력범죄,기타 강간  강제추행등,경기 김포,3,2016
강력범죄,방화,경기 김포,6,2016
절도범죄,절도범죄,경기 김포,1004,2016
폭력범죄,상해,경기 김포,189,2016
폭력범죄,폭행,경기 김포,670,2016
폭력범죄,체포  감금,경기 김포,5,2016
폭력범죄,협박,경기 김포,52,2016
폭력범죄,약취  유인,경기 김포,0,2016
폭력범죄,폭력행위등,경기 김포,50,2016
폭력범죄,공갈,경기 김포,7,2016
폭력범죄,손괴,경기 김포,325,2016
지능범죄,직무유기,경기 김포,2,2016
지능범죄,직권남용,경기 김포,0,2016
지능범죄,증수뢰,경기 김포,1,2016
지능범죄,통화,경기 김포,7,2016
지능범죄,문서  인장,경기 김포,49,2016
지능범죄,유가증권인지,경기 김포,1,2016
지능범죄,사기,경기 김포,1714,2016
지능범죄,횡령,경기 김포,405,2016
지능범죄,배임,경기 김포,21,2016
풍속범죄,성풍속범죄,경기 김포,64,2016
풍속범죄,도박범죄,경기 김포,45,2016
특별경제범죄,특별경제범죄,경기 김포,398,2016
마약범죄,마약범죄,경기 김포,44,2016
보건범죄,보건범죄,경기 김포,56,2016
환경범죄,환경범죄,경기 김포,3,2016
교통범죄,교통범죄,경기 김포,4124,2016
노동범죄,노동범죄,경기 김포,5,2016
안보범죄,안보범죄,경기 김포,0,2016
선거범죄,선거범죄,경기 김포,3,2016
병역범죄,병역범죄,경기 김포,64,2016
기타범죄,기타범죄,경기 김포,1863,2016
강력범죄,살인기수,경기 동두천,1,2016
강력범죄,살인미수등,경기 동두천,0,2016
강력범죄,강도,경기 동두천,0,2016
강력범죄,강간,경기 동두천,6,2016
강력범죄,유사강간,경기 동두천,0,2016
강력범죄,강제추행,경기 동두천,37,2016
강력범죄,기타 강간  강제추행등,경기 동두천,3,2016
강력범죄,방화,경기 동두천,6,2016
절도범죄,절도범죄,경기 동두천,342,2016
폭력범죄,상해,경기 동두천,106,2016
폭력범죄,폭행,경기 동두천,385,2016
폭력범죄,체포  감금,경기 동두천,3,2016
폭력범죄,협박,경기 동두천,44,2016
폭력범죄,약취  유인,경기 동두천,0,2016
폭력범죄,폭력행위등,경기 동두천,33,2016
폭력범죄,공갈,경기 동두천,5,2016
폭력범죄,손괴,경기 동두천,153,2016
지능범죄,직무유기,경기 동두천,2,2016
지능범죄,직권남용,경기 동두천,0,2016
지능범죄,증수뢰,경기 동두천,1,2016
지능범죄,통화,경기 동두천,1,2016
지능범죄,문서  인장,경기 동두천,32,2016
지능범죄,유가증권인지,경기 동두천,2,2016
지능범죄,사기,경기 동두천,453,2016
지능범죄,횡령,경기 동두천,87,2016
지능범죄,배임,경기 동두천,14,2016
풍속범죄,성풍속범죄,경기 동두천,22,2016
풍속범죄,도박범죄,경기 동두천,13,2016
특별경제범죄,특별경제범죄,경기 동두천,104,2016
마약범죄,마약범죄,경기 동두천,9,2016
보건범죄,보건범죄,경기 동두천,21,2016
환경범죄,환경범죄,경기 동두천,5,2016
교통범죄,교통범죄,경기 동두천,1158,2016
노동범죄,노동범죄,경기 동두천,0,2016
안보범죄,안보범죄,경기 동두천,0,2016
선거범죄,선거범죄,경기 동두천,1,2016
병역범죄,병역범죄,경기 동두천,41,2016
기타범죄,기타범죄,경기 동두천,454,2016
강력범죄,살인기수,경기 안성,2,2016
강력범죄,살인미수등,경기 안성,4,2016
강력범죄,강도,경기 안성,3,2016
강력범죄,강간,경기 안성,15,2016
강력범죄,유사강간,경기 안성,2,2016
강력범죄,강제추행,경기 안성,55,2016
강력범죄,기타 강간  강제추행등,경기 안성,1,2016
강력범죄,방화,경기 안성,4,2016
절도범죄,절도범죄,경기 안성,791,2016
폭력범죄,상해,경기 안성,150,2016
폭력범죄,폭행,경기 안성,630,2016
폭력범죄,체포  감금,경기 안성,2,2016
폭력범죄,협박,경기 안성,59,2016
폭력범죄,약취  유인,경기 안성,1,2016
폭력범죄,폭력행위등,경기 안성,39,2016
폭력범죄,공갈,경기 안성,8,2016
폭력범죄,손괴,경기 안성,238,2016
지능범죄,직무유기,경기 안성,1,2016
지능범죄,직권남용,경기 안성,1,2016
지능범죄,증수뢰,경기 안성,0,2016
지능범죄,통화,경기 안성,7,2016
지능범죄,문서  인장,경기 안성,42,2016
지능범죄,유가증권인지,경기 안성,0,2016
지능범죄,사기,경기 안성,697,2016
지능범죄,횡령,경기 안성,160,2016
지능범죄,배임,경기 안성,17,2016
풍속범죄,성풍속범죄,경기 안성,35,2016
풍속범죄,도박범죄,경기 안성,21,2016
특별경제범죄,특별경제범죄,경기 안성,209,2016
마약범죄,마약범죄,경기 안성,29,2016
보건범죄,보건범죄,경기 안성,41,2016
환경범죄,환경범죄,경기 안성,9,2016
교통범죄,교통범죄,경기 안성,2778,2016
노동범죄,노동범죄,경기 안성,3,2016
안보범죄,안보범죄,경기 안성,0,2016
선거범죄,선거범죄,경기 안성,5,2016
병역범죄,병역범죄,경기 안성,73,2016
기타범죄,기타범죄,경기 안성,1158,2016
강력범죄,살인기수,경기 양주,0,2016
강력범죄,살인미수등,경기 양주,2,2016
강력범죄,강도,경기 양주,2,2016
강력범죄,강간,경기 양주,27,2016
강력범죄,유사강간,경기 양주,1,2016
강력범죄,강제추행,경기 양주,32,2016
강력범죄,기타 강간  강제추행등,경기 양주,2,2016
강력범죄,방화,경기 양주,5,2016
절도범죄,절도범죄,경기 양주,445,2016
폭력범죄,상해,경기 양주,170,2016
폭력범죄,폭행,경기 양주,789,2016
폭력범죄,체포  감금,경기 양주,3,2016
폭력범죄,협박,경기 양주,75,2016
폭력범죄,약취  유인,경기 양주,1,2016
폭력범죄,폭력행위등,경기 양주,30,2016
폭력범죄,공갈,경기 양주,9,2016
폭력범죄,손괴,경기 양주,246,2016
지능범죄,직무유기,경기 양주,2,2016
지능범죄,직권남용,경기 양주,0,2016
지능범죄,증수뢰,경기 양주,1,2016
지능범죄,통화,경기 양주,3,2016
지능범죄,문서  인장,경기 양주,48,2016
지능범죄,유가증권인지,경기 양주,1,2016
지능범죄,사기,경기 양주,949,2016
지능범죄,횡령,경기 양주,164,2016
지능범죄,배임,경기 양주,22,2016
풍속범죄,성풍속범죄,경기 양주,37,2016
풍속범죄,도박범죄,경기 양주,23,2016
특별경제범죄,특별경제범죄,경기 양주,173,2016
마약범죄,마약범죄,경기 양주,15,2016
보건범죄,보건범죄,경기 양주,94,2016
환경범죄,환경범죄,경기 양주,68,2016
교통범죄,교통범죄,경기 양주,2771,2016
노동범죄,노동범죄,경기 양주,4,2016
안보범죄,안보범죄,경기 양주,1,2016
선거범죄,선거범죄,경기 양주,7,2016
병역범죄,병역범죄,경기 양주,117,2016
기타범죄,기타범죄,경기 양주,968,2016
강력범죄,살인기수,경기 여주,2,2016
강력범죄,살인미수등,경기 여주,5,2016
강력범죄,강도,경기 여주,0,2016
강력범죄,강간,경기 여주,14,2016
강력범죄,유사강간,경기 여주,1,2016
강력범죄,강제추행,경기 여주,45,2016
강력범죄,기타 강간  강제추행등,경기 여주,0,2016
강력범죄,방화,경기 여주,3,2016
절도범죄,절도범죄,경기 여주,450,2016
폭력범죄,상해,경기 여주,121,2016
폭력범죄,폭행,경기 여주,360,2016
폭력범죄,체포  감금,경기 여주,2,2016
폭력범죄,협박,경기 여주,39,2016
폭력범죄,약취  유인,경기 여주,1,2016
폭력범죄,폭력행위등,경기 여주,31,2016
폭력범죄,공갈,경기 여주,8,2016
폭력범죄,손괴,경기 여주,126,2016
지능범죄,직무유기,경기 여주,4,2016
지능범죄,직권남용,경기 여주,3,2016
지능범죄,증수뢰,경기 여주,0,2016
지능범죄,통화,경기 여주,7,2016
지능범죄,문서  인장,경기 여주,33,2016
지능범죄,유가증권인지,경기 여주,0,2016
지능범죄,사기,경기 여주,508,2016
지능범죄,횡령,경기 여주,99,2016
지능범죄,배임,경기 여주,12,2016
풍속범죄,성풍속범죄,경기 여주,27,2016
풍속범죄,도박범죄,경기 여주,16,2016
특별경제범죄,특별경제범죄,경기 여주,118,2016
마약범죄,마약범죄,경기 여주,11,2016
보건범죄,보건범죄,경기 여주,21,2016
환경범죄,환경범죄,경기 여주,3,2016
교통범죄,교통범죄,경기 여주,2064,2016
노동범죄,노동범죄,경기 여주,0,2016
안보범죄,안보범죄,경기 여주,0,2016
선거범죄,선거범죄,경기 여주,2,2016
병역범죄,병역범죄,경기 여주,15,2016
기타범죄,기타범죄,경기 여주,874,2016
강력범죄,살인기수,경기 오산,1,2016
강력범죄,살인미수등,경기 오산,4,2016
강력범죄,강도,경기 오산,1,2016
강력범죄,강간,경기 오산,20,2016
강력범죄,유사강간,경기 오산,3,2016
강력범죄,강제추행,경기 오산,67,2016
강력범죄,기타 강간  강제추행등,경기 오산,1,2016
강력범죄,방화,경기 오산,6,2016
절도범죄,절도범죄,경기 오산,1017,2016
폭력범죄,상해,경기 오산,194,2016
폭력범죄,폭행,경기 오산,852,2016
폭력범죄,체포  감금,경기 오산,5,2016
폭력범죄,협박,경기 오산,64,2016
폭력범죄,약취  유인,경기 오산,0,2016
폭력범죄,폭력행위등,경기 오산,99,2016
폭력범죄,공갈,경기 오산,12,2016
폭력범죄,손괴,경기 오산,319,2016
지능범죄,직무유기,경기 오산,0,2016
지능범죄,직권남용,경기 오산,0,2016
지능범죄,증수뢰,경기 오산,0,2016
지능범죄,통화,경기 오산,10,2016
지능범죄,문서  인장,경기 오산,54,2016
지능범죄,유가증권인지,경기 오산,2,2016
지능범죄,사기,경기 오산,809,2016
지능범죄,횡령,경기 오산,178,2016
지능범죄,배임,경기 오산,8,2016
풍속범죄,성풍속범죄,경기 오산,73,2016
풍속범죄,도박범죄,경기 오산,37,2016
특별경제범죄,특별경제범죄,경기 오산,236,2016
마약범죄,마약범죄,경기 오산,8,2016
보건범죄,보건범죄,경기 오산,65,2016
환경범죄,환경범죄,경기 오산,22,2016
교통범죄,교통범죄,경기 오산,2738,2016
노동범죄,노동범죄,경기 오산,1,2016
안보범죄,안보범죄,경기 오산,0,2016
선거범죄,선거범죄,경기 오산,8,2016
병역범죄,병역범죄,경기 오산,119,2016
기타범죄,기타범죄,경기 오산,1837,2016
강력범죄,살인기수,경기 의왕,1,2016
강력범죄,살인미수등,경기 의왕,1,2016
강력범죄,강도,경기 의왕,1,2016
강력범죄,강간,경기 의왕,6,2016
강력범죄,유사강간,경기 의왕,0,2016
강력범죄,강제추행,경기 의왕,26,2016
강력범죄,기타 강간  강제추행등,경기 의왕,1,2016
강력범죄,방화,경기 의왕,0,2016
절도범죄,절도범죄,경기 의왕,232,2016
폭력범죄,상해,경기 의왕,50,2016
폭력범죄,폭행,경기 의왕,347,2016
폭력범죄,체포  감금,경기 의왕,4,2016
폭력범죄,협박,경기 의왕,36,2016
폭력범죄,약취  유인,경기 의왕,0,2016
폭력범죄,폭력행위등,경기 의왕,9,2016
폭력범죄,공갈,경기 의왕,5,2016
폭력범죄,손괴,경기 의왕,117,2016
지능범죄,직무유기,경기 의왕,4,2016
지능범죄,직권남용,경기 의왕,2,2016
지능범죄,증수뢰,경기 의왕,1,2016
지능범죄,통화,경기 의왕,3,2016
지능범죄,문서  인장,경기 의왕,17,2016
지능범죄,유가증권인지,경기 의왕,0,2016
지능범죄,사기,경기 의왕,337,2016
지능범죄,횡령,경기 의왕,69,2016
지능범죄,배임,경기 의왕,6,2016
풍속범죄,성풍속범죄,경기 의왕,27,2016
풍속범죄,도박범죄,경기 의왕,23,2016
특별경제범죄,특별경제범죄,경기 의왕,106,2016
마약범죄,마약범죄,경기 의왕,5,2016
보건범죄,보건범죄,경기 의왕,18,2016
환경범죄,환경범죄,경기 의왕,1,2016
교통범죄,교통범죄,경기 의왕,1765,2016
노동범죄,노동범죄,경기 의왕,1,2016
안보범죄,안보범죄,경기 의왕,0,2016
선거범죄,선거범죄,경기 의왕,3,2016
병역범죄,병역범죄,경기 의왕,38,2016
기타범죄,기타범죄,경기 의왕,616,2016
강력범죄,살인기수,경기 포천,2,2016
강력범죄,살인미수등,경기 포천,4,2016
강력범죄,강도,경기 포천,3,2016
강력범죄,강간,경기 포천,30,2016
강력범죄,유사강간,경기 포천,1,2016
강력범죄,강제추행,경기 포천,45,2016
강력범죄,기타 강간  강제추행등,경기 포천,2,2016
강력범죄,방화,경기 포천,16,2016
절도범죄,절도범죄,경기 포천,546,2016
폭력범죄,상해,경기 포천,179,2016
폭력범죄,폭행,경기 포천,577,2016
폭력범죄,체포  감금,경기 포천,7,2016
폭력범죄,협박,경기 포천,64,2016
폭력범죄,약취  유인,경기 포천,1,2016
폭력범죄,폭력행위등,경기 포천,59,2016
폭력범죄,공갈,경기 포천,9,2016
폭력범죄,손괴,경기 포천,216,2016
지능범죄,직무유기,경기 포천,2,2016
지능범죄,직권남용,경기 포천,1,2016
지능범죄,증수뢰,경기 포천,1,2016
지능범죄,통화,경기 포천,5,2016
지능범죄,문서  인장,경기 포천,53,2016
지능범죄,유가증권인지,경기 포천,1,2016
지능범죄,사기,경기 포천,839,2016
지능범죄,횡령,경기 포천,120,2016
지능범죄,배임,경기 포천,12,2016
풍속범죄,성풍속범죄,경기 포천,22,2016
풍속범죄,도박범죄,경기 포천,25,2016
특별경제범죄,특별경제범죄,경기 포천,228,2016
마약범죄,마약범죄,경기 포천,18,2016
보건범죄,보건범죄,경기 포천,29,2016
환경범죄,환경범죄,경기 포천,160,2016
교통범죄,교통범죄,경기 포천,2872,2016
노동범죄,노동범죄,경기 포천,12,2016
안보범죄,안보범죄,경기 포천,0,2016
선거범죄,선거범죄,경기 포천,5,2016
병역범죄,병역범죄,경기 포천,82,2016
기타범죄,기타범죄,경기 포천,883,2016
강력범죄,살인기수,경기 하남,2,2016
강력범죄,살인미수등,경기 하남,1,2016
강력범죄,강도,경기 하남,1,2016
강력범죄,강간,경기 하남,2,2016
강력범죄,유사강간,경기 하남,0,2016
강력범죄,강제추행,경기 하남,19,2016
강력범죄,기타 강간  강제추행등,경기 하남,0,2016
강력범죄,방화,경기 하남,3,2016
절도범죄,절도범죄,경기 하남,528,2016
폭력범죄,상해,경기 하남,137,2016
폭력범죄,폭행,경기 하남,379,2016
폭력범죄,체포  감금,경기 하남,4,2016
폭력범죄,협박,경기 하남,42,2016
폭력범죄,약취  유인,경기 하남,1,2016
폭력범죄,폭력행위등,경기 하남,49,2016
폭력범죄,공갈,경기 하남,6,2016
폭력범죄,손괴,경기 하남,173,2016
지능범죄,직무유기,경기 하남,2,2016
지능범죄,직권남용,경기 하남,0,2016
지능범죄,증수뢰,경기 하남,1,2016
지능범죄,통화,경기 하남,5,2016
지능범죄,문서  인장,경기 하남,44,2016
지능범죄,유가증권인지,경기 하남,1,2016
지능범죄,사기,경기 하남,490,2016
지능범죄,횡령,경기 하남,161,2016
지능범죄,배임,경기 하남,13,2016
풍속범죄,성풍속범죄,경기 하남,21,2016
풍속범죄,도박범죄,경기 하남,98,2016
특별경제범죄,특별경제범죄,경기 하남,133,2016
마약범죄,마약범죄,경기 하남,7,2016
보건범죄,보건범죄,경기 하남,54,2016
환경범죄,환경범죄,경기 하남,15,2016
교통범죄,교통범죄,경기 하남,2771,2016
노동범죄,노동범죄,경기 하남,1,2016
안보범죄,안보범죄,경기 하남,0,2016
선거범죄,선거범죄,경기 하남,0,2016
병역범죄,병역범죄,경기 하남,62,2016
기타범죄,기타범죄,경기 하남,1217,2016
강력범죄,살인기수,경기 화성,4,2016
강력범죄,살인미수등,경기 화성,9,2016
강력범죄,강도,경기 화성,3,2016
강력범죄,강간,경기 화성,24,2016
강력범죄,유사강간,경기 화성,7,2016
강력범죄,강제추행,경기 화성,129,2016
강력범죄,기타 강간  강제추행등,경기 화성,2,2016
강력범죄,방화,경기 화성,17,2016
절도범죄,절도범죄,경기 화성,1866,2016
폭력범죄,상해,경기 화성,553,2016
폭력범죄,폭행,경기 화성,1550,2016
폭력범죄,체포  감금,경기 화성,13,2016
폭력범죄,협박,경기 화성,153,2016
폭력범죄,약취  유인,경기 화성,5,2016
폭력범죄,폭력행위등,경기 화성,180,2016
폭력범죄,공갈,경기 화성,52,2016
폭력범죄,손괴,경기 화성,613,2016
지능범죄,직무유기,경기 화성,1,2016
지능범죄,직권남용,경기 화성,0,2016
지능범죄,증수뢰,경기 화성,4,2016
지능범죄,통화,경기 화성,10,2016
지능범죄,문서  인장,경기 화성,126,2016
지능범죄,유가증권인지,경기 화성,2,2016
지능범죄,사기,경기 화성,2184,2016
지능범죄,횡령,경기 화성,625,2016
지능범죄,배임,경기 화성,70,2016
풍속범죄,성풍속범죄,경기 화성,82,2016
풍속범죄,도박범죄,경기 화성,82,2016
특별경제범죄,특별경제범죄,경기 화성,605,2016
마약범죄,마약범죄,경기 화성,55,2016
보건범죄,보건범죄,경기 화성,197,2016
환경범죄,환경범죄,경기 화성,213,2016
교통범죄,교통범죄,경기 화성,8262,2016
노동범죄,노동범죄,경기 화성,13,2016
안보범죄,안보범죄,경기 화성,0,2016
선거범죄,선거범죄,경기 화성,3,2016
병역범죄,병역범죄,경기 화성,189,2016
기타범죄,기타범죄,경기 화성,4984,2016
강력범죄,살인기수,강원 동해,0,2016
강력범죄,살인미수등,강원 동해,3,2016
강력범죄,강도,강원 동해,2,2016
강력범죄,강간,강원 동해,12,2016
강력범죄,유사강간,강원 동해,2,2016
강력범죄,강제추행,강원 동해,24,2016
강력범죄,기타 강간  강제추행등,강원 동해,3,2016
강력범죄,방화,강원 동해,1,2016
절도범죄,절도범죄,강원 동해,179,2016
폭력범죄,상해,강원 동해,243,2016
폭력범죄,폭행,강원 동해,257,2016
폭력범죄,체포  감금,강원 동해,1,2016
폭력범죄,협박,강원 동해,31,2016
폭력범죄,약취  유인,강원 동해,1,2016
폭력범죄,폭력행위등,강원 동해,34,2016
폭력범죄,공갈,강원 동해,5,2016
폭력범죄,손괴,강원 동해,134,2016
지능범죄,직무유기,강원 동해,1,2016
지능범죄,직권남용,강원 동해,1,2016
지능범죄,증수뢰,강원 동해,1,2016
지능범죄,통화,강원 동해,0,2016
지능범죄,문서  인장,강원 동해,22,2016
지능범죄,유가증권인지,강원 동해,0,2016
지능범죄,사기,강원 동해,290,2016
지능범죄,횡령,강원 동해,39,2016
지능범죄,배임,강원 동해,13,2016
풍속범죄,성풍속범죄,강원 동해,14,2016
풍속범죄,도박범죄,강원 동해,13,2016
특별경제범죄,특별경제범죄,강원 동해,73,2016
마약범죄,마약범죄,강원 동해,3,2016
보건범죄,보건범죄,강원 동해,30,2016
환경범죄,환경범죄,강원 동해,18,2016
교통범죄,교통범죄,강원 동해,1530,2016
노동범죄,노동범죄,강원 동해,0,2016
안보범죄,안보범죄,강원 동해,0,2016
선거범죄,선거범죄,강원 동해,4,2016
병역범죄,병역범죄,강원 동해,26,2016
기타범죄,기타범죄,강원 동해,523,2016
강력범죄,살인기수,강원 삼척,0,2016
강력범죄,살인미수등,강원 삼척,2,2016
강력범죄,강도,강원 삼척,0,2016
강력범죄,강간,강원 삼척,7,2016
강력범죄,유사강간,강원 삼척,2,2016
강력범죄,강제추행,강원 삼척,13,2016
강력범죄,기타 강간  강제추행등,강원 삼척,0,2016
강력범죄,방화,강원 삼척,3,2016
절도범죄,절도범죄,강원 삼척,226,2016
폭력범죄,상해,강원 삼척,157,2016
폭력범죄,폭행,강원 삼척,253,2016
폭력범죄,체포  감금,강원 삼척,3,2016
폭력범죄,협박,강원 삼척,24,2016
폭력범죄,약취  유인,강원 삼척,0,2016
폭력범죄,폭력행위등,강원 삼척,17,2016
폭력범죄,공갈,강원 삼척,10,2016
폭력범죄,손괴,강원 삼척,121,2016
지능범죄,직무유기,강원 삼척,1,2016
지능범죄,직권남용,강원 삼척,1,2016
지능범죄,증수뢰,강원 삼척,1,2016
지능범죄,통화,강원 삼척,0,2016
지능범죄,문서  인장,강원 삼척,15,2016
지능범죄,유가증권인지,강원 삼척,0,2016
지능범죄,사기,강원 삼척,340,2016
지능범죄,횡령,강원 삼척,42,2016
지능범죄,배임,강원 삼척,8,2016
풍속범죄,성풍속범죄,강원 삼척,5,2016
풍속범죄,도박범죄,강원 삼척,13,2016
특별경제범죄,특별경제범죄,강원 삼척,50,2016
마약범죄,마약범죄,강원 삼척,9,2016
보건범죄,보건범죄,강원 삼척,14,2016
환경범죄,환경범죄,강원 삼척,19,2016
교통범죄,교통범죄,강원 삼척,1330,2016
노동범죄,노동범죄,강원 삼척,0,2016
안보범죄,안보범죄,강원 삼척,1,2016
선거범죄,선거범죄,강원 삼척,2,2016
병역범죄,병역범죄,강원 삼척,6,2016
기타범죄,기타범죄,강원 삼척,593,2016
강력범죄,살인기수,강원 속초,0,2016
강력범죄,살인미수등,강원 속초,0,2016
강력범죄,강도,강원 속초,5,2016
강력범죄,강간,강원 속초,12,2016
강력범죄,유사강간,강원 속초,3,2016
강력범죄,강제추행,강원 속초,24,2016
강력범죄,기타 강간  강제추행등,강원 속초,0,2016
강력범죄,방화,강원 속초,2,2016
절도범죄,절도범죄,강원 속초,310,2016
폭력범죄,상해,강원 속초,195,2016
폭력범죄,폭행,강원 속초,346,2016
폭력범죄,체포  감금,강원 속초,1,2016
폭력범죄,협박,강원 속초,49,2016
폭력범죄,약취  유인,강원 속초,0,2016
폭력범죄,폭력행위등,강원 속초,26,2016
폭력범죄,공갈,강원 속초,8,2016
폭력범죄,손괴,강원 속초,153,2016
지능범죄,직무유기,강원 속초,4,2016
지능범죄,직권남용,강원 속초,0,2016
지능범죄,증수뢰,강원 속초,1,2016
지능범죄,통화,강원 속초,1,2016
지능범죄,문서  인장,강원 속초,20,2016
지능범죄,유가증권인지,강원 속초,0,2016
지능범죄,사기,강원 속초,303,2016
지능범죄,횡령,강원 속초,62,2016
지능범죄,배임,강원 속초,11,2016
풍속범죄,성풍속범죄,강원 속초,10,2016
풍속범죄,도박범죄,강원 속초,22,2016
특별경제범죄,특별경제범죄,강원 속초,108,2016
마약범죄,마약범죄,강원 속초,4,2016
보건범죄,보건범죄,강원 속초,74,2016
환경범죄,환경범죄,강원 속초,12,2016
교통범죄,교통범죄,강원 속초,1568,2016
노동범죄,노동범죄,강원 속초,1,2016
안보범죄,안보범죄,강원 속초,0,2016
선거범죄,선거범죄,강원 속초,4,2016
병역범죄,병역범죄,강원 속초,9,2016
기타범죄,기타범죄,강원 속초,626,2016
강력범죄,살인기수,강원 태백,0,2016
강력범죄,살인미수등,강원 태백,0,2016
강력범죄,강도,강원 태백,3,2016
강력범죄,강간,강원 태백,2,2016
강력범죄,유사강간,강원 태백,0,2016
강력범죄,강제추행,강원 태백,12,2016
강력범죄,기타 강간  강제추행등,강원 태백,0,2016
강력범죄,방화,강원 태백,1,2016
절도범죄,절도범죄,강원 태백,119,2016
폭력범죄,상해,강원 태백,114,2016
폭력범죄,폭행,강원 태백,156,2016
폭력범죄,체포  감금,강원 태백,0,2016
폭력범죄,협박,강원 태백,18,2016
폭력범죄,약취  유인,강원 태백,1,2016
폭력범죄,폭력행위등,강원 태백,34,2016
폭력범죄,공갈,강원 태백,1,2016
폭력범죄,손괴,강원 태백,63,2016
지능범죄,직무유기,강원 태백,0,2016
지능범죄,직권남용,강원 태백,1,2016
지능범죄,증수뢰,강원 태백,0,2016
지능범죄,통화,강원 태백,1,2016
지능범죄,문서  인장,강원 태백,22,2016
지능범죄,유가증권인지,강원 태백,0,2016
지능범죄,사기,강원 태백,138,2016
지능범죄,횡령,강원 태백,14,2016
지능범죄,배임,강원 태백,3,2016
풍속범죄,성풍속범죄,강원 태백,2,2016
풍속범죄,도박범죄,강원 태백,9,2016
특별경제범죄,특별경제범죄,강원 태백,24,2016
마약범죄,마약범죄,강원 태백,2,2016
보건범죄,보건범죄,강원 태백,2,2016
환경범죄,환경범죄,강원 태백,1,2016
교통범죄,교통범죄,강원 태백,616,2016
노동범죄,노동범죄,강원 태백,5,2016
안보범죄,안보범죄,강원 태백,0,2016
선거범죄,선거범죄,강원 태백,2,2016
병역범죄,병역범죄,강원 태백,6,2016
기타범죄,기타범죄,강원 태백,154,2016
강력범죄,살인기수,충남 계룡,0,2016
강력범죄,살인미수등,충남 계룡,0,2016
강력범죄,강도,충남 계룡,0,2016
강력범죄,강간,충남 계룡,2,2016
강력범죄,유사강간,충남 계룡,0,2016
강력범죄,강제추행,충남 계룡,1,2016
강력범죄,기타 강간  강제추행등,충남 계룡,1,2016
강력범죄,방화,충남 계룡,2,2016
절도범죄,절도범죄,충남 계룡,54,2016
폭력범죄,상해,충남 계룡,27,2016
폭력범죄,폭행,충남 계룡,12,2016
폭력범죄,체포  감금,충남 계룡,1,2016
폭력범죄,협박,충남 계룡,6,2016
폭력범죄,약취  유인,충남 계룡,0,2016
폭력범죄,폭력행위등,충남 계룡,6,2016
폭력범죄,공갈,충남 계룡,1,2016
폭력범죄,손괴,충남 계룡,22,2016
지능범죄,직무유기,충남 계룡,0,2016
지능범죄,직권남용,충남 계룡,1,2016
지능범죄,증수뢰,충남 계룡,1,2016
지능범죄,통화,충남 계룡,1,2016
지능범죄,문서  인장,충남 계룡,9,2016
지능범죄,유가증권인지,충남 계룡,0,2016
지능범죄,사기,충남 계룡,74,2016
지능범죄,횡령,충남 계룡,8,2016
지능범죄,배임,충남 계룡,0,2016
풍속범죄,성풍속범죄,충남 계룡,1,2016
풍속범죄,도박범죄,충남 계룡,2,2016
특별경제범죄,특별경제범죄,충남 계룡,15,2016
마약범죄,마약범죄,충남 계룡,2,2016
보건범죄,보건범죄,충남 계룡,0,2016
환경범죄,환경범죄,충남 계룡,1,2016
교통범죄,교통범죄,충남 계룡,171,2016
노동범죄,노동범죄,충남 계룡,7,2016
안보범죄,안보범죄,충남 계룡,0,2016
선거범죄,선거범죄,충남 계룡,0,2016
병역범죄,병역범죄,충남 계룡,12,2016
기타범죄,기타범죄,충남 계룡,54,2016
강력범죄,살인기수,충남 공주,1,2016
강력범죄,살인미수등,충남 공주,1,2016
강력범죄,강도,충남 공주,6,2016
강력범죄,강간,충남 공주,14,2016
강력범죄,유사강간,충남 공주,0,2016
강력범죄,강제추행,충남 공주,29,2016
강력범죄,기타 강간  강제추행등,충남 공주,3,2016
강력범죄,방화,충남 공주,5,2016
절도범죄,절도범죄,충남 공주,439,2016
폭력범죄,상해,충남 공주,152,2016
폭력범죄,폭행,충남 공주,113,2016
폭력범죄,체포  감금,충남 공주,4,2016
폭력범죄,협박,충남 공주,35,2016
폭력범죄,약취  유인,충남 공주,0,2016
폭력범죄,폭력행위등,충남 공주,21,2016
폭력범죄,공갈,충남 공주,11,2016
폭력범죄,손괴,충남 공주,67,2016
지능범죄,직무유기,충남 공주,9,2016
지능범죄,직권남용,충남 공주,3,2016
지능범죄,증수뢰,충남 공주,1,2016
지능범죄,통화,충남 공주,1,2016
지능범죄,문서  인장,충남 공주,34,2016
지능범죄,유가증권인지,충남 공주,0,2016
지능범죄,사기,충남 공주,405,2016
지능범죄,횡령,충남 공주,57,2016
지능범죄,배임,충남 공주,15,2016
풍속범죄,성풍속범죄,충남 공주,23,2016
풍속범죄,도박범죄,충남 공주,76,2016
특별경제범죄,특별경제범죄,충남 공주,71,2016
마약범죄,마약범죄,충남 공주,7,2016
보건범죄,보건범죄,충남 공주,12,2016
환경범죄,환경범죄,충남 공주,1,2016
교통범죄,교통범죄,충남 공주,1216,2016
노동범죄,노동범죄,충남 공주,1,2016
안보범죄,안보범죄,충남 공주,0,2016
선거범죄,선거범죄,충남 공주,5,2016
병역범죄,병역범죄,충남 공주,27,2016
기타범죄,기타범죄,충남 공주,392,2016
강력범죄,살인기수,충남 당진,1,2016
강력범죄,살인미수등,충남 당진,1,2016
강력범죄,강도,충남 당진,3,2016
강력범죄,강간,충남 당진,13,2016
강력범죄,유사강간,충남 당진,1,2016
강력범죄,강제추행,충남 당진,52,2016
강력범죄,기타 강간  강제추행등,충남 당진,0,2016
강력범죄,방화,충남 당진,1,2016
절도범죄,절도범죄,충남 당진,615,2016
폭력범죄,상해,충남 당진,234,2016
폭력범죄,폭행,충남 당진,336,2016
폭력범죄,체포  감금,충남 당진,1,2016
폭력범죄,협박,충남 당진,54,2016
폭력범죄,약취  유인,충남 당진,0,2016
폭력범죄,폭력행위등,충남 당진,42,2016
폭력범죄,공갈,충남 당진,9,2016
폭력범죄,손괴,충남 당진,200,2016
지능범죄,직무유기,충남 당진,1,2016
지능범죄,직권남용,충남 당진,1,2016
지능범죄,증수뢰,충남 당진,1,2016
지능범죄,통화,충남 당진,1,2016
지능범죄,문서  인장,충남 당진,41,2016
지능범죄,유가증권인지,충남 당진,0,2016
지능범죄,사기,충남 당진,1454,2016
지능범죄,횡령,충남 당진,93,2016
지능범죄,배임,충남 당진,12,2016
풍속범죄,성풍속범죄,충남 당진,21,2016
풍속범죄,도박범죄,충남 당진,44,2016
특별경제범죄,특별경제범죄,충남 당진,129,2016
마약범죄,마약범죄,충남 당진,28,2016
보건범죄,보건범죄,충남 당진,24,2016
환경범죄,환경범죄,충남 당진,5,2016
교통범죄,교통범죄,충남 당진,2019,2016
노동범죄,노동범죄,충남 당진,6,2016
안보범죄,안보범죄,충남 당진,0,2016
선거범죄,선거범죄,충남 당진,1,2016
병역범죄,병역범죄,충남 당진,74,2016
기타범죄,기타범죄,충남 당진,2602,2016
강력범죄,살인기수,충남 보령,0,2016
강력범죄,살인미수등,충남 보령,2,2016
강력범죄,강도,충남 보령,7,2016
강력범죄,강간,충남 보령,12,2016
강력범죄,유사강간,충남 보령,0,2016
강력범죄,강제추행,충남 보령,39,2016
강력범죄,기타 강간  강제추행등,충남 보령,0,2016
강력범죄,방화,충남 보령,3,2016
절도범죄,절도범죄,충남 보령,462,2016
폭력범죄,상해,충남 보령,136,2016
폭력범죄,폭행,충남 보령,125,2016
폭력범죄,체포  감금,충남 보령,3,2016
폭력범죄,협박,충남 보령,11,2016
폭력범죄,약취  유인,충남 보령,0,2016
폭력범죄,폭력행위등,충남 보령,32,2016
폭력범죄,공갈,충남 보령,8,2016
폭력범죄,손괴,충남 보령,83,2016
지능범죄,직무유기,충남 보령,2,2016
지능범죄,직권남용,충남 보령,2,2016
지능범죄,증수뢰,충남 보령,0,2016
지능범죄,통화,충남 보령,0,2016
지능범죄,문서  인장,충남 보령,21,2016
지능범죄,유가증권인지,충남 보령,1,2016
지능범죄,사기,충남 보령,554,2016
지능범죄,횡령,충남 보령,73,2016
지능범죄,배임,충남 보령,13,2016
풍속범죄,성풍속범죄,충남 보령,17,2016
풍속범죄,도박범죄,충남 보령,33,2016
특별경제범죄,특별경제범죄,충남 보령,80,2016
마약범죄,마약범죄,충남 보령,20,2016
보건범죄,보건범죄,충남 보령,48,2016
환경범죄,환경범죄,충남 보령,8,2016
교통범죄,교통범죄,충남 보령,1456,2016
노동범죄,노동범죄,충남 보령,2,2016
안보범죄,안보범죄,충남 보령,0,2016
선거범죄,선거범죄,충남 보령,1,2016
병역범죄,병역범죄,충남 보령,32,2016
기타범죄,기타범죄,충남 보령,634,2016
강력범죄,살인기수,전북 김제,0,2016
강력범죄,살인미수등,전북 김제,1,2016
강력범죄,강도,전북 김제,0,2016
강력범죄,강간,전북 김제,6,2016
강력범죄,유사강간,전북 김제,0,2016
강력범죄,강제추행,전북 김제,14,2016
강력범죄,기타 강간  강제추행등,전북 김제,2,2016
강력범죄,방화,전북 김제,1,2016
절도범죄,절도범죄,전북 김제,243,2016
폭력범죄,상해,전북 김제,67,2016
폭력범죄,폭행,전북 김제,264,2016
폭력범죄,체포  감금,전북 김제,6,2016
폭력범죄,협박,전북 김제,26,2016
폭력범죄,약취  유인,전북 김제,0,2016
폭력범죄,폭력행위등,전북 김제,19,2016
폭력범죄,공갈,전북 김제,5,2016
폭력범죄,손괴,전북 김제,60,2016
지능범죄,직무유기,전북 김제,2,2016
지능범죄,직권남용,전북 김제,0,2016
지능범죄,증수뢰,전북 김제,0,2016
지능범죄,통화,전북 김제,1,2016
지능범죄,문서  인장,전북 김제,20,2016
지능범죄,유가증권인지,전북 김제,0,2016
지능범죄,사기,전북 김제,330,2016
지능범죄,횡령,전북 김제,38,2016
지능범죄,배임,전북 김제,3,2016
풍속범죄,성풍속범죄,전북 김제,13,2016
풍속범죄,도박범죄,전북 김제,29,2016
특별경제범죄,특별경제범죄,전북 김제,45,2016
마약범죄,마약범죄,전북 김제,5,2016
보건범죄,보건범죄,전북 김제,14,2016
환경범죄,환경범죄,전북 김제,2,2016
교통범죄,교통범죄,전북 김제,1018,2016
노동범죄,노동범죄,전북 김제,1,2016
안보범죄,안보범죄,전북 김제,0,2016
선거범죄,선거범죄,전북 김제,4,2016
병역범죄,병역범죄,전북 김제,21,2016
기타범죄,기타범죄,전북 김제,323,2016
강력범죄,살인기수,전북 남원,0,2016
강력범죄,살인미수등,전북 남원,0,2016
강력범죄,강도,전북 남원,2,2016
강력범죄,강간,전북 남원,6,2016
강력범죄,유사강간,전북 남원,1,2016
강력범죄,강제추행,전북 남원,17,2016
강력범죄,기타 강간  강제추행등,전북 남원,0,2016
강력범죄,방화,전북 남원,2,2016
절도범죄,절도범죄,전북 남원,239,2016
폭력범죄,상해,전북 남원,106,2016
폭력범죄,폭행,전북 남원,245,2016
폭력범죄,체포  감금,전북 남원,1,2016
폭력범죄,협박,전북 남원,28,2016
폭력범죄,약취  유인,전북 남원,0,2016
폭력범죄,폭력행위등,전북 남원,20,2016
폭력범죄,공갈,전북 남원,2,2016
폭력범죄,손괴,전북 남원,66,2016
지능범죄,직무유기,전북 남원,0,2016
지능범죄,직권남용,전북 남원,0,2016
지능범죄,증수뢰,전북 남원,0,2016
지능범죄,통화,전북 남원,0,2016
지능범죄,문서  인장,전북 남원,12,2016
지능범죄,유가증권인지,전북 남원,0,2016
지능범죄,사기,전북 남원,363,2016
지능범죄,횡령,전북 남원,34,2016
지능범죄,배임,전북 남원,5,2016
풍속범죄,성풍속범죄,전북 남원,14,2016
풍속범죄,도박범죄,전북 남원,20,2016
특별경제범죄,특별경제범죄,전북 남원,51,2016
마약범죄,마약범죄,전북 남원,2,2016
보건범죄,보건범죄,전북 남원,31,2016
환경범죄,환경범죄,전북 남원,0,2016
교통범죄,교통범죄,전북 남원,695,2016
노동범죄,노동범죄,전북 남원,2,2016
안보범죄,안보범죄,전북 남원,0,2016
선거범죄,선거범죄,전북 남원,3,2016
병역범죄,병역범죄,전북 남원,15,2016
기타범죄,기타범죄,전북 남원,298,2016
강력범죄,살인기수,전남 광양,0,2016
강력범죄,살인미수등,전남 광양,2,2016
강력범죄,강도,전남 광양,5,2016
강력범죄,강간,전남 광양,21,2016
강력범죄,유사강간,전남 광양,1,2016
강력범죄,강제추행,전남 광양,25,2016
강력범죄,기타 강간  강제추행등,전남 광양,1,2016
강력범죄,방화,전남 광양,4,2016
절도범죄,절도범죄,전남 광양,401,2016
폭력범죄,상해,전남 광양,194,2016
폭력범죄,폭행,전남 광양,288,2016
폭력범죄,체포  감금,전남 광양,5,2016
폭력범죄,협박,전남 광양,25,2016
폭력범죄,약취  유인,전남 광양,3,2016
폭력범죄,폭력행위등,전남 광양,36,2016
폭력범죄,공갈,전남 광양,9,2016
폭력범죄,손괴,전남 광양,127,2016
지능범죄,직무유기,전남 광양,0,2016
지능범죄,직권남용,전남 광양,0,2016
지능범죄,증수뢰,전남 광양,1,2016
지능범죄,통화,전남 광양,0,2016
지능범죄,문서  인장,전남 광양,46,2016
지능범죄,유가증권인지,전남 광양,0,2016
지능범죄,사기,전남 광양,568,2016
지능범죄,횡령,전남 광양,65,2016
지능범죄,배임,전남 광양,22,2016
풍속범죄,성풍속범죄,전남 광양,20,2016
풍속범죄,도박범죄,전남 광양,20,2016
특별경제범죄,특별경제범죄,전남 광양,87,2016
마약범죄,마약범죄,전남 광양,9,2016
보건범죄,보건범죄,전남 광양,31,2016
환경범죄,환경범죄,전남 광양,8,2016
교통범죄,교통범죄,전남 광양,2450,2016
노동범죄,노동범죄,전남 광양,3,2016
안보범죄,안보범죄,전남 광양,0,2016
선거범죄,선거범죄,전남 광양,5,2016
병역범죄,병역범죄,전남 광양,17,2016
기타범죄,기타범죄,전남 광양,390,2016
강력범죄,살인기수,전남 나주,0,2016
강력범죄,살인미수등,전남 나주,0,2016
강력범죄,강도,전남 나주,0,2016
강력범죄,강간,전남 나주,4,2016
강력범죄,유사강간,전남 나주,0,2016
강력범죄,강제추행,전남 나주,6,2016
강력범죄,기타 강간  강제추행등,전남 나주,0,2016
강력범죄,방화,전남 나주,2,2016
절도범죄,절도범죄,전남 나주,45,2016
폭력범죄,상해,전남 나주,10,2016
폭력범죄,폭행,전남 나주,18,2016
폭력범죄,체포  감금,전남 나주,0,2016
폭력범죄,협박,전남 나주,4,2016
폭력범죄,약취  유인,전남 나주,0,2016
폭력범죄,폭력행위등,전남 나주,3,2016
폭력범죄,공갈,전남 나주,0,2016
폭력범죄,손괴,전남 나주,12,2016
지능범죄,직무유기,전남 나주,0,2016
지능범죄,직권남용,전남 나주,0,2016
지능범죄,증수뢰,전남 나주,0,2016
지능범죄,통화,전남 나주,0,2016
지능범죄,문서  인장,전남 나주,9,2016
지능범죄,유가증권인지,전남 나주,0,2016
지능범죄,사기,전남 나주,183,2016
지능범죄,횡령,전남 나주,23,2016
지능범죄,배임,전남 나주,10,2016
풍속범죄,성풍속범죄,전남 나주,2,2016
풍속범죄,도박범죄,전남 나주,3,2016
특별경제범죄,특별경제범죄,전남 나주,25,2016
마약범죄,마약범죄,전남 나주,2,2016
보건범죄,보건범죄,전남 나주,5,2016
환경범죄,환경범죄,전남 나주,5,2016
교통범죄,교통범죄,전남 나주,253,2016
노동범죄,노동범죄,전남 나주,0,2016
안보범죄,안보범죄,전남 나주,0,2016
선거범죄,선거범죄,전남 나주,3,2016
병역범죄,병역범죄,전남 나주,2,2016
기타범죄,기타범죄,전남 나주,103,2016
강력범죄,살인기수,경북 문경,0,2016
강력범죄,살인미수등,경북 문경,0,2016
강력범죄,강도,경북 문경,0,2016
강력범죄,강간,경북 문경,9,2016
강력범죄,유사강간,경북 문경,0,2016
강력범죄,강제추행,경북 문경,12,2016
강력범죄,기타 강간  강제추행등,경북 문경,0,2016
강력범죄,방화,경북 문경,2,2016
절도범죄,절도범죄,경북 문경,228,2016
폭력범죄,상해,경북 문경,86,2016
폭력범죄,폭행,경북 문경,158,2016
폭력범죄,체포  감금,경북 문경,2,2016
폭력범죄,협박,경북 문경,23,2016
폭력범죄,약취  유인,경북 문경,0,2016
폭력범죄,폭력행위등,경북 문경,16,2016
폭력범죄,공갈,경북 문경,5,2016
폭력범죄,손괴,경북 문경,67,2016
지능범죄,직무유기,경북 문경,0,2016
지능범죄,직권남용,경북 문경,0,2016
지능범죄,증수뢰,경북 문경,0,2016
지능범죄,통화,경북 문경,1,2016
지능범죄,문서  인장,경북 문경,12,2016
지능범죄,유가증권인지,경북 문경,0,2016
지능범죄,사기,경북 문경,186,2016
지능범죄,횡령,경북 문경,22,2016
지능범죄,배임,경북 문경,4,2016
풍속범죄,성풍속범죄,경북 문경,0,2016
풍속범죄,도박범죄,경북 문경,9,2016
특별경제범죄,특별경제범죄,경북 문경,34,2016
마약범죄,마약범죄,경북 문경,31,2016
보건범죄,보건범죄,경북 문경,4,2016
환경범죄,환경범죄,경북 문경,0,2016
교통범죄,교통범죄,경북 문경,920,2016
노동범죄,노동범죄,경북 문경,1,2016
안보범죄,안보범죄,경북 문경,0,2016
선거범죄,선거범죄,경북 문경,0,2016
병역범죄,병역범죄,경북 문경,10,2016
기타범죄,기타범죄,경북 문경,211,2016
강력범죄,살인기수,경북 상주,0,2016
강력범죄,살인미수등,경북 상주,1,2016
강력범죄,강도,경북 상주,2,2016
강력범죄,강간,경북 상주,6,2016
강력범죄,유사강간,경북 상주,0,2016
강력범죄,강제추행,경북 상주,17,2016
강력범죄,기타 강간  강제추행등,경북 상주,1,2016
강력범죄,방화,경북 상주,3,2016
절도범죄,절도범죄,경북 상주,262,2016
폭력범죄,상해,경북 상주,137,2016
폭력범죄,폭행,경북 상주,143,2016
폭력범죄,체포  감금,경북 상주,2,2016
폭력범죄,협박,경북 상주,30,2016
폭력범죄,약취  유인,경북 상주,0,2016
폭력범죄,폭력행위등,경북 상주,21,2016
폭력범죄,공갈,경북 상주,1,2016
폭력범죄,손괴,경북 상주,76,2016
지능범죄,직무유기,경북 상주,0,2016
지능범죄,직권남용,경북 상주,0,2016
지능범죄,증수뢰,경북 상주,0,2016
지능범죄,통화,경북 상주,1,2016
지능범죄,문서  인장,경북 상주,21,2016
지능범죄,유가증권인지,경북 상주,0,2016
지능범죄,사기,경북 상주,256,2016
지능범죄,횡령,경북 상주,35,2016
지능범죄,배임,경북 상주,4,2016
풍속범죄,성풍속범죄,경북 상주,11,2016
풍속범죄,도박범죄,경북 상주,20,2016
특별경제범죄,특별경제범죄,경북 상주,26,2016
마약범죄,마약범죄,경북 상주,43,2016
보건범죄,보건범죄,경북 상주,11,2016
환경범죄,환경범죄,경북 상주,29,2016
교통범죄,교통범죄,경북 상주,1112,2016
노동범죄,노동범죄,경북 상주,3,2016
안보범죄,안보범죄,경북 상주,0,2016
선거범죄,선거범죄,경북 상주,10,2016
병역범죄,병역범죄,경북 상주,16,2016
기타범죄,기타범죄,경북 상주,233,2016
강력범죄,살인기수,경북 영주,1,2016
강력범죄,살인미수등,경북 영주,1,2016
강력범죄,강도,경북 영주,1,2016
강력범죄,강간,경북 영주,3,2016
강력범죄,유사강간,경북 영주,1,2016
강력범죄,강제추행,경북 영주,16,2016
강력범죄,기타 강간  강제추행등,경북 영주,0,2016
강력범죄,방화,경북 영주,2,2016
절도범죄,절도범죄,경북 영주,269,2016
폭력범죄,상해,경북 영주,154,2016
폭력범죄,폭행,경북 영주,192,2016
폭력범죄,체포  감금,경북 영주,2,2016
폭력범죄,협박,경북 영주,22,2016
폭력범죄,약취  유인,경북 영주,0,2016
폭력범죄,폭력행위등,경북 영주,21,2016
폭력범죄,공갈,경북 영주,6,2016
폭력범죄,손괴,경북 영주,91,2016
지능범죄,직무유기,경북 영주,0,2016
지능범죄,직권남용,경북 영주,0,2016
지능범죄,증수뢰,경북 영주,1,2016
지능범죄,통화,경북 영주,2,2016
지능범죄,문서  인장,경북 영주,30,2016
지능범죄,유가증권인지,경북 영주,0,2016
지능범죄,사기,경북 영주,510,2016
지능범죄,횡령,경북 영주,44,2016
지능범죄,배임,경북 영주,6,2016
풍속범죄,성풍속범죄,경북 영주,32,2016
풍속범죄,도박범죄,경북 영주,80,2016
특별경제범죄,특별경제범죄,경북 영주,75,2016
마약범죄,마약범죄,경북 영주,29,2016
보건범죄,보건범죄,경북 영주,9,2016
환경범죄,환경범죄,경북 영주,1,2016
교통범죄,교통범죄,경북 영주,1227,2016
노동범죄,노동범죄,경북 영주,10,2016
안보범죄,안보범죄,경북 영주,0,2016
선거범죄,선거범죄,경북 영주,0,2016
병역범죄,병역범죄,경북 영주,15,2016
기타범죄,기타범죄,경북 영주,285,2016
강력범죄,살인기수,경북 영천,2,2016
강력범죄,살인미수등,경북 영천,1,2016
강력범죄,강도,경북 영천,1,2016
강력범죄,강간,경북 영천,9,2016
강력범죄,유사강간,경북 영천,0,2016
강력범죄,강제추행,경북 영천,13,2016
강력범죄,기타 강간  강제추행등,경북 영천,0,2016
강력범죄,방화,경북 영천,6,2016
절도범죄,절도범죄,경북 영천,344,2016
폭력범죄,상해,경북 영천,155,2016
폭력범죄,폭행,경북 영천,176,2016
폭력범죄,체포  감금,경북 영천,3,2016
폭력범죄,협박,경북 영천,28,2016
폭력범죄,약취  유인,경북 영천,0,2016
폭력범죄,폭력행위등,경북 영천,21,2016
폭력범죄,공갈,경북 영천,13,2016
폭력범죄,손괴,경북 영천,128,2016
지능범죄,직무유기,경북 영천,1,2016
지능범죄,직권남용,경북 영천,2,2016
지능범죄,증수뢰,경북 영천,2,2016
지능범죄,통화,경북 영천,0,2016
지능범죄,문서  인장,경북 영천,19,2016
지능범죄,유가증권인지,경북 영천,0,2016
지능범죄,사기,경북 영천,454,2016
지능범죄,횡령,경북 영천,48,2016
지능범죄,배임,경북 영천,8,2016
풍속범죄,성풍속범죄,경북 영천,10,2016
풍속범죄,도박범죄,경북 영천,20,2016
특별경제범죄,특별경제범죄,경북 영천,63,2016
마약범죄,마약범죄,경북 영천,18,2016
보건범죄,보건범죄,경북 영천,13,2016
환경범죄,환경범죄,경북 영천,37,2016
교통범죄,교통범죄,경북 영천,1154,2016
노동범죄,노동범죄,경북 영천,0,2016
안보범죄,안보범죄,경북 영천,0,2016
선거범죄,선거범죄,경북 영천,3,2016
병역범죄,병역범죄,경북 영천,20,2016
기타범죄,기타범죄,경북 영천,282,2016
강력범죄,살인기수,경남 밀양,2,2016
강력범죄,살인미수등,경남 밀양,0,2016
강력범죄,강도,경남 밀양,4,2016
강력범죄,강간,경남 밀양,8,2016
강력범죄,유사강간,경남 밀양,0,2016
강력범죄,강제추행,경남 밀양,12,2016
강력범죄,기타 강간  강제추행등,경남 밀양,0,2016
강력범죄,방화,경남 밀양,5,2016
절도범죄,절도범죄,경남 밀양,413,2016
폭력범죄,상해,경남 밀양,170,2016
폭력범죄,폭행,경남 밀양,164,2016
폭력범죄,체포  감금,경남 밀양,5,2016
폭력범죄,협박,경남 밀양,27,2016
폭력범죄,약취  유인,경남 밀양,0,2016
폭력범죄,폭력행위등,경남 밀양,21,2016
폭력범죄,공갈,경남 밀양,8,2016
폭력범죄,손괴,경남 밀양,101,2016
지능범죄,직무유기,경남 밀양,0,2016
지능범죄,직권남용,경남 밀양,0,2016
지능범죄,증수뢰,경남 밀양,0,2016
지능범죄,통화,경남 밀양,0,2016
지능범죄,문서  인장,경남 밀양,13,2016
지능범죄,유가증권인지,경남 밀양,0,2016
지능범죄,사기,경남 밀양,455,2016
지능범죄,횡령,경남 밀양,59,2016
지능범죄,배임,경남 밀양,11,2016
풍속범죄,성풍속범죄,경남 밀양,7,2016
풍속범죄,도박범죄,경남 밀양,8,2016
특별경제범죄,특별경제범죄,경남 밀양,82,2016
마약범죄,마약범죄,경남 밀양,40,2016
보건범죄,보건범죄,경남 밀양,39,2016
환경범죄,환경범죄,경남 밀양,24,2016
교통범죄,교통범죄,경남 밀양,1243,2016
노동범죄,노동범죄,경남 밀양,1,2016
안보범죄,안보범죄,경남 밀양,1,2016
선거범죄,선거범죄,경남 밀양,1,2016
병역범죄,병역범죄,경남 밀양,37,2016
기타범죄,기타범죄,경남 밀양,392,2016
강력범죄,살인기수,경남 통영,0,2016
강력범죄,살인미수등,경남 통영,3,2016
강력범죄,강도,경남 통영,1,2016
강력범죄,강간,경남 통영,15,2016
강력범죄,유사강간,경남 통영,1,2016
강력범죄,강제추행,경남 통영,27,2016
강력범죄,기타 강간  강제추행등,경남 통영,3,2016
강력범죄,방화,경남 통영,0,2016
절도범죄,절도범죄,경남 통영,551,2016
폭력범죄,상해,경남 통영,372,2016
폭력범죄,폭행,경남 통영,343,2016
폭력범죄,체포  감금,경남 통영,3,2016
폭력범죄,협박,경남 통영,42,2016
폭력범죄,약취  유인,경남 통영,0,2016
폭력범죄,폭력행위등,경남 통영,51,2016
폭력범죄,공갈,경남 통영,10,2016
폭력범죄,손괴,경남 통영,164,2016
지능범죄,직무유기,경남 통영,1,2016
지능범죄,직권남용,경남 통영,0,2016
지능범죄,증수뢰,경남 통영,1,2016
지능범죄,통화,경남 통영,0,2016
지능범죄,문서  인장,경남 통영,25,2016
지능범죄,유가증권인지,경남 통영,0,2016
지능범죄,사기,경남 통영,728,2016
지능범죄,횡령,경남 통영,94,2016
지능범죄,배임,경남 통영,9,2016
풍속범죄,성풍속범죄,경남 통영,20,2016
풍속범죄,도박범죄,경남 통영,75,2016
특별경제범죄,특별경제범죄,경남 통영,140,2016
마약범죄,마약범죄,경남 통영,27,2016
보건범죄,보건범죄,경남 통영,20,2016
환경범죄,환경범죄,경남 통영,23,2016
교통범죄,교통범죄,경남 통영,2430,2016
노동범죄,노동범죄,경남 통영,70,2016
안보범죄,안보범죄,경남 통영,0,2016
선거범죄,선거범죄,경남 통영,4,2016
병역범죄,병역범죄,경남 통영,41,2016
기타범죄,기타범죄,경남 통영,2308,2016
